{"stat.mineBlock.sky_orchards.log_coal":4,"stat.craftItem.sky_orchards.sapling_sand":8,"stat.pickup.minecraft.wooden_slab":848,"stat.pickup.fenceoverhaul.oak_overhauledfence":4,"stat.leaveGame":19,"stat.pickup.tconstruct.edible":17,"stat.craftItem.sky_orchards.amber_bone":44,"stat.pickup.rustic.crushing_tub":5,"stat.craftItem.minecraft.shield":1,"stat.mineBlock.sky_orchards.log_dirt":49,"stat.drop.sky_orchards.sapling_redstone":1,"stat.pickup.sky_orchards.resin_cottonwood":11,"stat.craftItem.chineseworkshop.thin_wall_w":36,"stat.pickup.horsepower.hand_grindstone":1,"stat.pickup.sky_orchards.acorn_diamond":267,"stat.craftItem.sky_orchards.amber_clay":1,"stat.craftItem.telepastries.nether_cake":3,"stat.craftItem.sky_orchards.sapling_gravel":4,"stat.pickup.sky_orchards.sapling_dirt":208,"stat.drop.sky_orchards.amber_silver":1,"stat.pickup.uppers.upper":4,"stat.craftItem.minecraft.stone_axe":1,"stat.useItem.minecraft.vine":1,"stat.pickup.minecraft.cobblestone_wall":209,"stat.pickup.minecraft.bucket":5,"stat.mineBlock.slabmachines.furnace_slab":2,"stat.mineBlock.minecraft.wooden_slab":122,"stat.pickup.sky_orchards.resin_petrified":135,"stat.pickup.xlfoodmod.lettuce":13,"stat.craftItem.minecraft.wooden_pickaxe":1,"stat.craftItem.minecraft.glass_pane":224,"stat.pickup.tcomplement.porcelain_melter":2,"stat.pickup.resourcehogs.truffle":6,"stat.mineBlock.minecraft.vine":1,"stat.furnaceInteraction":185,"stat.useItem.minecraft.pumpkin_seeds":1,"stat.useItem.sky_orchards.sapling_gold":1,"stat.pickup.sky_orchards.acorn_coal":4,"stat.pickup.minecraft.beef":92,"stat.useItem.inspirations.cactus_seeds":2,"stat.craftItem.storagenetwork.storage_kabel":64,"stat.pickup.sky_orchards.acorn_dirt":1399,"stat.pickup.inspirations.potato_seeds":8,"stat.useItem.minecraft.trapdoor":1,"stat.pickup.sky_orchards.sapling_coal":6,"stat.useItem.minecraft.fence":2,"stat.pickup.ceramics.unfired_clay":402,"stat.useItem.xlfoodmod.lettuce_seeds":1,"stat.useItem.minecraft.wheat_seeds":49,"stat.mineBlock.snad.snad":2,"stat.craftItem.morecauldrons.cobble_cauldron":1,"stat.useItem.minecraft.dye":905,"stat.pickup.minecraft.lever":3,"stat.deaths":1,"stat.craftItem.minecraft.melon_seeds":8,"stat.pickup.horsepower.chopping_block":9,"stat.pickup.sky_orchards.leaves_dirt":468,"stat.craftItem.minecraft.item_frame":12,"stat.craftItem.minecraft.wooden_shovel":1,"stat.pickup.xlfoodmod.raw_corn":17,"stat.drop.sky_orchards.sapling_tin":1,"stat.pickup.sky_orchards.sapling_lapis":11,"stat.pickup.minecraft.glass_pane":170,"stat.pickup.minecraft.item_frame":27,"stat.craftItem.minecraft.repeater":1,"stat.mineBlock.minecraft.tallgrass":104,"stat.fishCaught":2,"stat.useItem.sky_orchards.sapling_sand":7,"stat.chestOpened":426,"stat.useItem.sky_orchards.acorn_petrified":28,"stat.useItem.minecraft.stone":1,"stat.drop.sky_orchards.amber_tin":2,"stat.pickup.sky_orchards.resin_redstone":9,"stat.craftItem.cyclicmagic.clock":1,"stat.useItem.tp.cobblegen_block":1,"stat.craftItem.minecraft.quartz_block":4,"stat.useItem.minecraft.clay":5,"stat.craftItem.minecraft.coal":96,"stat.craftItem.uppers.upper":3,"stat.useItem.sky_orchards.sapling_gravel":1,"stat.craftItem.sky_orchards.sapling_redstone":2,"stat.pickup.minecraft.carrot":135,"stat.craftItem.fenceoverhaul.oak_overhauledfence":219,"stat.crouchOneCm":194137,"stat.mineBlock.minecraft.chest":13,"stat.craftItem.minecraft.diamond":51,"stat.mineBlock.slabmachines.crafting_station_slab":4,"stat.craftItem.minecraft.iron_ingot":117,"stat.pickup.bonsaitrees.bonsaipot":93,"stat.pickup.sky_orchards.resin_lapis":11,"stat.craftItem.minecraft.hopper":43,"stat.craftItem.xlfoodmod.cooked_dough":24,"stat.mineBlock.tconstruct.rack":1,"stat.pickup.sky_orchards.sapling_tin":7,"stat.pickup.sky_orchards.acorn_redstone":6,"stat.mineBlock.minecraft.log2":22,"stat.craftItem.cyclicmagic.block_fragile_weak":144,"stat.pickup.minecraft.dye":385,"stat.pickup.minecraft.planks":146,"stat.pickup.sky_orchards.resin_iron":232,"stat.craftItem.minecraft.diamond_shovel":2,"stat.pickup.minecraft.wheat_seeds":850,"stat.useItem.chineseworkshop.thin_wall_w":17,"stat.craftItem.inspirations.cactus_seeds":3,"stat.pickup.xlfoodmod.cooked_dough":39,"stat.mineBlock.minecraft.dirt":81,"stat.pickup.sky_orchards.acorn_iron":328,"stat.pickup.minecraft.poisonous_potato":1,"stat.mineBlock.sky_orchards.leaves_lapis":49,"stat.pickup.compactstorage.compactchest":1,"stat.pickup.sky_orchards.sapling_iron":29,"stat.mineBlock.bdsandm.wood_barrel":2,"stat.pickup.inspirations.carrot_seeds":4,"stat.useItem.minecraft.cobblestone":131,"stat.mineBlock.sky_orchards.sapling_clay":1,"stat.drop.bonsaitrees.bonsaipot":1,"stat.craftItem.tcomplement.porcelain_melter":2,"stat.craftItem.tp.wooden_shears":5,"stat.pickup.sky_orchards.resin_gravel":131,"stat.useItem.slabmachines.furnace_slab":13,"stat.pickup.sky_orchards.resin_silver":19,"stat.drop.minecraft.sapling":1,"stat.pickup.minecraft.hopper":1,"stat.drop.sky_orchards.sapling_lapis":1,"stat.pickup.minecraft.apple":13,"stat.useItem.minecraft.glass_pane":59,"stat.craftItem.minecraft.bucket":2,"stat.craftItem.minecraft.planks":2943,"stat.craftItem.minecraft.dirt":72,"stat.pickup.morecauldrons.oak_cauldron":12,"stat.craftItem.minecraft.fishing_rod":1,"stat.pickup.sky_orchards.leaves_petrified":45,"stat.mineBlock.minecraft.log":27,"stat.pickup.rustic.sapling_apple":9,"stat.craftItem.sky_orchards.sapling_donut":1,"stat.craftItem.storagenetwork.master":1,"stat.useItem.sky_orchards.sapling_diamond":1,"stat.mineBlock.pickletweaks.colored_cobblestone":2,"stat.pickup.minecraft.red_flower":14,"stat.mineBlock.sky_orchards.log_cottonwood":9,"stat.useItem.minecraft.wooden_axe":80,"stat.craftItem.minecraft.cobblestone":50,"stat.craftItem.storagenetwork.remote":1,"stat.pickup.cyclicmagic.sprinkler":4,"stat.craftItem.minecraft.diamond_leggings":1,"stat.mineBlock.minecraft.cobblestone":7,"stat.drop.tconstruct.slime_sapling":1,"stat.pickup.minecraft.flint":64,"stat.mineBlock.minecraft.yellow_flower":10,"stat.pickup.pickletweaks.coal_piece":5,"stat.craftItem.compactstorage.chestbuilder":1,"stat.drop.sky_orchards.amber_gold":1,"stat.mineBlock.morecauldrons.oak_cauldron":6,"stat.mineBlock.sky_orchards.leaves_redstone":65,"stat.pickup.inspirations.bone_crook":1,"stat.useItem.minecraft.stone_slab2":226,"stat.craftItem.pickletweaks.stone_paxel":17,"stat.craftItem.minecraft.furnace":3,"stat.craftItem.minecraft.lapis_block":2,"stat.pickup.tp.cobblegen_block":3,"stat.craftItem.minecraft.cooked_beef":1,"stat.mineBlock.sky_orchards.leaves_dirt":403,"stat.craftItem.sky_orchards.amber_gold":121,"stat.mineBlock.minecraft.clay":6,"stat.flyOneCm":990641,"stat.craftItem.storagenetwork.ex_kabel":4,"stat.pickup.tp.wooden_shears":1,"stat.mineBlock.sky_orchards.leaves_coal":47,"stat.pickup.minecraft.fish":2,"stat.pickup.pickletweaks.wooden_paxel":1,"stat.mineBlock.morecauldrons.cobble_cauldron":3,"stat.timeSinceDeath":763682,"stat.useItem.rustic.cabinet":93,"stat.useItem.minecraft.wooden_slab":1154,"stat.mineBlock.telepastries.nether_cake":1,"stat.useItem.minecraft.potato":18,"stat.craftItem.tconstruct.slime_dirt":2,"stat.craftItem.tcomplement.porcelain_tank":2,"stat.useItem.tconstruct.rack":23,"stat.drop.sky_orchards.sapling_bone":1,"stat.pickup.sky_orchards.acorn_lead":17,"stat.pickup.minecraft.shield":1,"stat.craftItem.minecraft.stone_hoe":2,"stat.mineBlock.sky_orchards.leaves_diamond":108,"stat.pickup.minecraft.string":1,"stat.pickup.tcomplement.porcelain_casting":1,"stat.useItem.minecraft.milk_bucket":1,"stat.craftItem.tconstruct.stone_stick":8,"stat.useItem.sky_orchards.sapling_petrified":15,"stat.craftItem.tconstruct.tooltables":15,"stat.pickup.sky_orchards.sapling_bacon":2,"stat.sprintOneCm":1959754,"stat.mineBlock.minecraft.stone_slab":17,"stat.craftItem.minecraft.wooden_axe":2,"stat.mineBlock.uppers.upper":1,"stat.pickup.bdsandm.wood_barrel":4,"stat.mineBlock.sky_orchards.leaves_petrified":483,"stat.pickup.sky_orchards.leaves_gravel":66,"stat.useItem.ceramics.faucet":1,"stat.mineBlock.sky_orchards.log_lead":9,"stat.drop.bdsandm.wood_barrel":1,"stat.pickup.minecraft.vine":1,"stat.pickup.sky_orchards.resin_diamond":247,"stat.pickup.sky_orchards.leaves_lead":2,"stat.mineBlock.bonsaitrees.bonsaipot":80,"stat.drop.slabmachines.crafting_station_slab":1,"stat.pickup.minecraft.iron_block":4,"stat.craftItem.minecraft.dye":1188,"stat.useItem.animalcrops.seeds":1,"stat.craftItem.minecraft.diamond_axe":2,"stat.diveOneCm":13031,"stat.pickup.minecraft.wheat":591,"stat.pickup.tconstruct.tooltables":12,"stat.pickup.minecraft.sign":27,"stat.craftItem.minecraft.cooked_porkchop":3,"stat.useItem.bonsaitrees.bonsaipot":82,"stat.pickup.minecraft.obsidian":11,"stat.craftItem.rustic.cabinet":92,"stat.pickup.storagenetwork.kabel":32,"stat.craftItem.sky_orchards.sapling_coal":1,"stat.pickup.sky_orchards.resin_clay":408,"stat.drop.sky_orchards.amber_lead":1,"stat.jump":3860,"stat.pickup.minecraft.coal":8,"stat.pickup.minecraft.iron_ingot":61,"stat.useItem.pickletweaks.colored_cobblestone":115,"stat.craftItem.minecraft.lever":3,"stat.craftItem.minecraft.torch":36,"stat.mineBlock.sky_orchards.log_sand":54,"stat.pickup.minecraft.dirt":89,"stat.craftItem.sky_orchards.sapling_lapis":2,"stat.drop.ceramics.unfired_clay":1,"stat.pickup.sky_orchards.resin_bone":699,"stat.useItem.minecraft.sapling":3,"stat.mineBlock.minecraft.glass_pane":3,"stat.damageTaken":1023,"stat.mineBlock.minecraft.torch":55,"stat.mineBlock.minecraft.red_flower":8,"stat.mineBlock.minecraft.melon_block":2,"stat.drop.sky_orchards.sapling_gravel":1,"stat.pickup.minecraft.log2":18,"stat.craftItem.sky_orchards.amber_lead":6,"stat.pickup.minecraft.bed":3,"stat.pickup.minecraft.potato":174,"stat.pickup.pickletweaks.colored_cobblestone":27,"stat.pickup.sky_orchards.sapling_clay":97,"stat.useItem.storagenetwork.storage_kabel":2,"stat.craftItem.horsepower.chopping_block":2,"stat.craftItem.minecraft.stone_slab":636,"stat.animalsBred":16,"stat.useItem.minecraft.chest":9,"stat.pickup.sky_orchards.sapling_bone":110,"stat.pickup.sky_orchards.leaves_sand":225,"stat.craftItem.morecauldrons.oak_cauldron":2,"stat.craftItem.sky_orchards.amber_silver":3,"stat.pickup.sky_orchards.sapling_donut":2,"stat.craftItem.rustic.crushing_tub":1,"stat.useItem.minecraft.item_frame":18,"stat.mineBlock.sky_orchards.leaves_lead":110,"stat.craftItem.storagenetwork.im_kabel":4,"stat.mineBlock.sky_orchards.log_diamond":9,"stat.pickup.cookingforblockheads.cow_jar":1,"stat.pickup.minecraft.baked_potato":39,"stat.pickup.slabmachines.crafting_station_slab":6,"stat.pickup.minecraft.cooked_beef":3,"stat.mobKills":16,"stat.mineBlock.sky_orchards.log_gold":4,"stat.useItem.minecraft.cobblestone_wall":121,"stat.mineBlock.tconstruct.wooden_hopper":1,"stat.pickup.minecraft.diamond":27,"stat.pickup.minecraft.beetroot_seeds":27,"stat.mineBlock.rustic.crushing_tub":5,"stat.pickup.minecraft.torch":72,"stat.mineBlock.tp.cobblegen_block":3,"stat.mineBlock.sky_orchards.log_petrified":43,"stat.useItem.fenceoverhaul.oak_overhauledfence":185,"stat.craftItem.sky_orchards.sapling_cottonwood":2,"stat.useItem.sky_orchards.sapling_cottonwood":1,"stat.pickup.inspirations.cactus_seeds":5,"stat.useItem.inspirations.potato_seeds":1,"stat.useItem.cyclicmagic.sprinkler":1,"stat.craftItem.storagenetwork.request":1,"stat.mineBlock.horsepower.chopping_block":2,"stat.pickup.minecraft.fishing_rod":2,"stat.pickup.sky_orchards.resin_lead":25,"stat.useItem.minecraft.planks":33,"stat.craftItem.sky_orchards.sapling_petrified":2,"stat.useItem.morebuckets.obsidian_bucket":76,"stat.pickup.minecraft.porkchop":3,"stat.craftItem.xlfoodmod.donut":4,"stat.pickup.minecraft.glass":16,"stat.craftItem.horsepower.hand_grindstone":2,"stat.pickup.morebuckets.obsidian_bucket":6,"stat.drop.minecraft.poisonous_potato":1,"stat.pickup.minecraft.sand":9,"stat.useItem.inspirations.carrot_seeds":3,"stat.craftItem.minecraft.cobblestone_wall":240,"stat.craftItem.minecraft.stone_sword":1,"stat.mineBlock.minecraft.sand":5,"stat.craftItem.minecraft.cooked_fish":2,"stat.useItem.minecraft.fence_gate":1,"stat.hopperInspected":36,"stat.pickup.resourcehogs.mud_bucket":1,"stat.pickup.tconstruct.slime_sapling":3,"stat.drop.minecraft.diamond":1,"stat.mineBlock.horsepower.hand_grindstone":1,"stat.drop.ceramics.clay_bucket":2,"stat.pickup.xlfoodmod.lettuce_seeds":25,"stat.mineBlock.sky_orchards.leaves_gold":27,"stat.craftItem.xlfoodmod.dough":16,"stat.craftItem.tcomplement.porcelain_casting":4,"stat.craftItem.minecraft.sand":103,"stat.craftItem.minecraft.fence_gate":2,"stat.pickup.minecraft.pumpkin_seeds":5,"stat.pickup.tconstruct.slime_dirt":3,"stat.craftItem.chisel.chisel_diamond":1,"stat.useItem.minecraft.hopper":9,"stat.craftItem.xlfoodmod.lettuce_seeds":3,"stat.playOneMinute":991189,"stat.pickup.tconstruct.rack":49,"stat.useItem.sky_orchards.acorn_dirt":1,"stat.drop.sky_orchards.sapling_gold":1,"stat.pickup.minecraft.netherrack":200,"stat.craftItem.morebuckets.obsidian_bucket":3,"stat.useItem.slabmachines.crafting_station_slab":2,"stat.craftItem.tp.cobblegen_block":2,"stat.mineBlock.minecraft.netherrack":107,"stat.craftItem.storagenetwork.kabel":88,"stat.pickup.sky_orchards.acorn_petrified":177,"stat.craftItem.sky_orchards.sapling_diamond":2,"stat.useItem.inspirations.wooden_crook":845,"stat.pickup.sky_orchards.resin_sand":511,"stat.pickup.rustic.leaves_apple":12,"stat.pickup.sky_orchards.resin_gold":7,"stat.fallOneCm":247991,"stat.pickup.sky_orchards.leaves_bone":309,"stat.drop.minecraft.dye":3,"stat.craftItem.tconstruct.wooden_hopper":3,"stat.useItem.horsepower.chopping_block":1,"stat.pickup.minecraft.melon_seeds":20,"stat.craftItem.minecraft.chest":129,"stat.pickup.minecraft.melon":8,"stat.mineBlock.sky_orchards.leaves_sand":236,"stat.pickup.minecraft.milk_bucket":1,"stat.pickup.sky_orchards.sapling_sand":112,"stat.pickup.sky_orchards.resin_tin":13,"stat.mineBlock.fenceoverhaul.oak_overhauledfence":5,"stat.drop.minecraft.bone":5,"stat.pickup.sky_orchards.sapling_gold":5,"stat.pickup.slabmachines.furnace_slab":5,"stat.mineBlock.sky_orchards.sapling_petrified":3,"stat.useItem.minecraft.stone_sword":28,"stat.mineBlock.sky_orchards.log_bone":21,"stat.drop.pickletweaks.diamond_paxel":1,"stat.useItem.pickletweaks.diamond_paxel":324,"stat.craftItem.sky_orchards.amber_tin":2,"stat.useItem.minecraft.torch":105,"stat.mineBlock.sky_orchards.sapling_dirt":2,"stat.pickup.sky_orchards.leaves_clay":135,"stat.craftItem.minecraft.redstone_block":22,"stat.useItem.minecraft.log":41,"stat.pickup.sky_orchards.acorn_gold":154,"stat.craftItem.minecraft.crafting_table":15,"stat.craftItem.ceramics.clay_bucket":4,"stat.pickup.minecraft.log":21697,"stat.pickup.sky_orchards.acorn_sand":778,"stat.pickup.sky_orchards.amber_tin":1,"stat.pickup.minecraft.sapling":79,"stat.pickup.minecraft.beetroot":21,"stat.mineBlock.chineseworkshop.thin_wall_w":16,"stat.useItem.pickletweaks.wooden_paxel":61,"stat.mineBlock.sky_orchards.log_clay":65,"stat.useItem.minecraft.stone_hoe":192,"stat.useItem.inspirations.bone_crook":1256,"stat.pickup.sky_orchards.acorn_lapis":10,"stat.craftItem.minecraft.sugar":6,"stat.useItem.minecraft.beetroot_seeds":2,"stat.useItem.sky_orchards.sapling_coal":1,"stat.drop.sky_orchards.sapling_bacon":1,"stat.sneakTime":64196,"stat.mineBlock.minecraft.cobblestone_wall":20,"stat.pickup.sky_orchards.sapling_diamond":39,"stat.drop.minecraft.bucket":1,"stat.useItem.minecraft.baked_potato":71,"stat.pickup.minecraft.stone_slab":481,"stat.pickup.minecraft.yellow_flower":14,"stat.pickup.cyclicmagic.block_fragile_weak":550,"stat.drop.tconstruct.slime_dirt":1,"stat.useItem.sky_orchards.sapling_dirt":19,"stat.useItem.minecraft.fishing_rod":3,"stat.pickup.minecraft.chest":78,"stat.drop.sky_orchards.sapling_lead":1,"stat.craftItem.minecraft.diamond_chestplate":1,"stat.pickup.minecraft.bone":24,"stat.craftItem.ceramics.unfired_clay":348,"stat.mineBlock.sky_orchards.leaves_gravel":164,"stat.craftItem.minecraft.bone":132,"stat.mineBlock.sky_orchards.leaves_silver":52,"stat.pickup.sky_orchards.resin_dirt":768,"stat.craftItem.minecraft.diamond_helmet":1,"stat.craftItem.sky_orchards.amber_iron":221,"stat.craftItem.inspirations.bone_crook":4,"stat.swimOneCm":4699,"stat.useItem.sky_orchards.sapling_lapis":1,"stat.pickup.tconstruct.slime_leaves":9,"stat.craftItem.inspirations.stone_crook":2,"stat.useItem.sky_orchards.sapling_bone":4,"stat.useItem.minecraft.dirt":280,"stat.pickup.tp.watering_can":1,"stat.useItem.storagenetwork.remote":1,"stat.craftItem.minecraft.bone_block":96,"stat.craftItem.sky_orchards.sapling_bone":2,"stat.craftItem.extendedcrafting.handheld_table":2,"stat.pickup.minecraft.anvil":1,"stat.craftItem.minecraft.trapdoor":92,"stat.craftItem.minecraft.stone_pickaxe":1,"stat.pickup.minecraft.cobblestone":1298,"stat.craftItem.minecraft.glass_bottle":6,"stat.pickup.minecraft.clay":24,"stat.pickup.minecraft.glass_bottle":3,"stat.pickup.sky_orchards.sapling_lead":15,"stat.pickup.sky_orchards.resin_coal":5,"stat.craftItem.minecraft.wooden_slab":1818,"stat.pickup.minecraft.cactus":188,"stat.pickup.sky_orchards.sapling_petrified":143,"stat.drop.horsepower.chopping_block":1,"stat.mineBlock.sky_orchards.leaves_cottonwood":112,"stat.useItem.minecraft.sign":2,"stat.craftItem.minecraft.cake":2,"stat.pickup.minecraft.wooden_axe":1,"stat.pickup.sky_orchards.leaves_diamond":103,"stat.pickup.chisel.chisel_diamond":2,"stat.useItem.sky_orchards.sapling_clay":9,"stat.pickup.minecraft.trapdoor":7,"stat.mineBlock.cyclicmagic.block_fragile_weak":91,"stat.pickup.xlfoodmod.corn_seeds":114,"stat.mineBlock.sky_orchards.leaves_clay":90,"stat.craftItem.minecraft.stone_slab2":0,"stat.pickup.sky_orchards.sapling_cottonwood":11,"stat.mineBlock.rustic.cabinet":42,"stat.mineBlock.tcomplement.porcelain_melter":1,"stat.craftItem.minecraft.stick":296,"stat.useItem.minecraft.stone_slab":203,"stat.craftItem.minecraft.stone":56,"stat.pickup.minecraft.grass":178,"stat.useItem.pickletweaks.stone_paxel":462,"stat.useItem.minecraft.carrot":36,"stat.craftItem.animalcrops.seeds":2,"stat.craftItem.minecraft.clay_ball":280,"stat.pickup.sky_orchards.amber_silver":3,"stat.mineBlock.minecraft.planks":35,"stat.drop":39,"stat.craftItem.sky_orchards.sapling_clay":4,"stat.mineBlock.rustic.leaves_apple":25,"stat.pickup.rustic.cabinet":137,"stat.craftItem.minecraft.diamond_pickaxe":2,"stat.useItem.minecraft.melon_seeds":3,"stat.craftItem.pickletweaks.diamond_paxel":2,"stat.craftItem.minecraft.clay":91,"stat.pickup.sky_orchards.acorn_cottonwood":5,"stat.craftItem.minecraft.piston":1,"stat.mineBlock.sky_orchards.leaves_bone":217,"stat.useItem.minecraft.glass_bottle":3,"stat.pickup.sky_orchards.amber_lead":3,"stat.mineBlock.minecraft.anvil":1,"stat.pickup.morecauldrons.cobble_cauldron":3,"stat.useItem.minecraft.potion":2,"stat.pickup.minecraft.brick":45,"stat.pickup.sky_orchards.leaves_iron":136,"stat.pickup.sky_orchards.acorn_tin":24,"stat.craftItem.tconstruct.rack":39,"stat.pickup.minecraft.fence":432,"stat.useItem.tconstruct.tooltables":7,"stat.pickup.sky_orchards.sapling_redstone":14,"stat.craftItem.bonsaitrees.bonsaipot":57,"stat.craftItem.minecraft.bread":8,"stat.pickup.farmingforblockheads.market":2,"stat.useItem.cyclicmagic.block_fragile_weak":42,"stat.pickup.tconstruct.slime_congealed":5,"stat.pickup.tcomplement.porcelain_tank":1,"stat.pickup.sky_orchards.leaves_cottonwood":57,"stat.pickup.inspirations.sugar_cane_seeds":116,"stat.mineBlock.tconstruct.tooltables":9,"stat.pickup.minecraft.leaves":95,"stat.mineBlock.minecraft.leaves2":16,"stat.mineBlock.sky_orchards.log_lapis":4,"stat.pickup.minecraft.leather":17,"stat.mineBlock.minecraft.furnace":1,"stat.pickup.minecraft.reeds":874,"stat.craftItem.slabmachines.crafting_station_slab":6,"stat.drop.tp.watering_can":1,"stat.mineBlock.sky_orchards.log_redstone":6,"stat.pickup.storagenetwork.storage_kabel":126,"stat.craftItem.minecraft.glass":92,"stat.damageDealt":1518,"stat.pickup.snad.snad":3,"stat.craftItem.minecraft.baked_potato":111,"stat.mineBlock.sky_orchards.log_iron":5,"stat.killEntity.Cow":14,"stat.killEntity.Pig":2,"stat.pickup.sky_orchards.acorn_bone":969,"stat.craftItem.minecraft.stone_shovel":1,"stat.walkOneCm":2898436,"stat.pickup.ceramics.clay_bucket":8,"stat.drop.resourcehogs.mud_bucket":1,"stat.pickup.minecraft.stick":8174,"stat.craftItem.sky_orchards.sapling_bacon":1,"stat.mineBlock.compactstorage.compactchest":1,"stat.pickup.minecraft.clay_ball":52,"stat.craftItem.inspirations.wooden_crook":17,"stat.pickup.sky_orchards.acorn_clay":448,"stat.pickup.rustic.apple_seeds":1,"stat.mineBlock.sky_orchards.log_silver":6,"stat.craftItem.ceramics.faucet":2,"stat.mineBlock.sky_orchards.log_gravel":12,"stat.craftItem.minecraft.diamond_boots":1,"stat.pickup.sky_orchards.acorn_gravel":258,"stat.drop.sky_orchards.sapling_coal":1,"stat.pickup.sky_orchards.acorn_silver":4,"stat.craftItem.minecraft.redstone":198,"stat.pickup.sky_orchards.sapling_gravel":65,"stat.drop.sky_orchards.sapling_diamond":1,"stat.mineBlock.cyclicmagic.sprinkler":3,"stat.pickup.minecraft.gold_ingot":60,"stat.pickup.sky_orchards.sapling_silver":10,"stat.mineBlock.minecraft.cactus":1,"stat.mineBlock.minecraft.quartz_ore":19,"stat.pickup.minecraft.bread":5,"stat.mineBlock.tcomplement.porcelain_casting":1,"stat.pickup.minecraft.quartz":16,"stat.craftItem.minecraft.fence":531,"stat.pickup.minecraft.water_bucket":3,"stat.mineBlock.minecraft.leaves":134,"stat.craftItem.slabmachines.furnace_slab":19,"stat.pickup.sky_orchards.leaves_tin":10,"stat.craftItem.pickletweaks.wooden_paxel":5,"stat.pickup.chineseworkshop.thin_wall_w":157,"stat.craftItem.minecraft.brick":98,"stat.mineBlock.minecraft.stone":2,"stat.pickup.xlfoodmod.donut":2}