{"stat.craftItem.sky_orchards.sapling_sand":8,"stat.pickup.minecraft.wooden_slab":80,"stat.pickup.fenceoverhaul.oak_overhauledfence":4,"stat.leaveGame":4,"stat.useItem.inspirations.potato_seeds":1,"stat.craftItem.sky_orchards.amber_bone":1,"stat.pickup.rustic.crushing_tub":4,"stat.useItem.minecraft.planks":30,"stat.craftItem.sky_orchards.sapling_petrified":2,"stat.mineBlock.sky_orchards.log_dirt":40,"stat.craftItem.horsepower.hand_grindstone":2,"stat.craftItem.chineseworkshop.thin_wall_w":36,"stat.craftItem.sky_orchards.amber_clay":1,"stat.useItem.inspirations.carrot_seeds":3,"stat.craftItem.sky_orchards.sapling_gravel":4,"stat.pickup.sky_orchards.sapling_dirt":70,"stat.craftItem.minecraft.stone_axe":1,"stat.pickup.minecraft.cobblestone_wall":5,"stat.mineBlock.minecraft.wooden_slab":30,"stat.craftItem.minecraft.cobblestone_wall":60,"stat.pickup.sky_orchards.resin_petrified":135,"stat.craftItem.minecraft.wooden_pickaxe":1,"stat.drop.ceramics.clay_bucket":2,"stat.furnaceInteraction":81,"stat.useItem.minecraft.pumpkin_seeds":1,"stat.pickup.xlfoodmod.lettuce_seeds":1,"stat.pickup.sky_orchards.acorn_dirt":360,"stat.pickup.inspirations.potato_seeds":3,"stat.pickup.ceramics.unfired_clay":1,"stat.craftItem.minecraft.sand":2,"stat.useItem.minecraft.wheat_seeds":20,"stat.pickup.minecraft.pumpkin_seeds":2,"stat.craftItem.morecauldrons.cobble_cauldron":1,"stat.useItem.minecraft.dye":160,"stat.deaths":1,"stat.pickup.sky_orchards.leaves_dirt":110,"stat.playOneMinute":249710,"stat.pickup.tconstruct.rack":1,"stat.craftItem.minecraft.wooden_shovel":1,"stat.useItem.sky_orchards.acorn_dirt":1,"stat.mineBlock.minecraft.tallgrass":88,"stat.chestOpened":91,"stat.useItem.sky_orchards.acorn_petrified":28,"stat.craftItem.tp.cobblegen_block":2,"stat.pickup.sky_orchards.acorn_petrified":177,"stat.useItem.inspirations.wooden_crook":845,"stat.useItem.minecraft.clay":5,"stat.pickup.sky_orchards.resin_sand":32,"stat.craftItem.minecraft.coal":82,"stat.fallOneCm":103249,"stat.pickup.sky_orchards.leaves_bone":35,"stat.drop.minecraft.dye":3,"stat.pickup.minecraft.carrot":42,"stat.pickup.minecraft.melon_seeds":4,"stat.craftItem.fenceoverhaul.oak_overhauledfence":159,"stat.crouchOneCm":113195,"stat.mineBlock.minecraft.chest":2,"stat.craftItem.minecraft.chest":3,"stat.pickup.bonsaitrees.bonsaipot":29,"stat.pickup.sky_orchards.sapling_sand":5,"stat.mineBlock.tconstruct.rack":1,"stat.mineBlock.fenceoverhaul.oak_overhauledfence":5,"stat.pickup.minecraft.dye":19,"stat.pickup.minecraft.planks":32,"stat.pickup.minecraft.wheat_seeds":24,"stat.mineBlock.sky_orchards.sapling_petrified":3,"stat.useItem.chineseworkshop.thin_wall_w":17,"stat.mineBlock.minecraft.dirt":13,"stat.useItem.minecraft.torch":33,"stat.mineBlock.sky_orchards.sapling_dirt":2,"stat.pickup.sky_orchards.leaves_clay":37,"stat.pickup.inspirations.carrot_seeds":4,"stat.useItem.minecraft.cobblestone":11,"stat.craftItem.minecraft.crafting_table":3,"stat.craftItem.ceramics.clay_bucket":4,"stat.mineBlock.sky_orchards.sapling_clay":1,"stat.pickup.minecraft.log":882,"stat.pickup.sky_orchards.resin_gravel":36,"stat.useItem.slabmachines.furnace_slab":1,"stat.pickup.sky_orchards.acorn_sand":112,"stat.craftItem.minecraft.planks":1172,"stat.mineBlock.chineseworkshop.thin_wall_w":8,"stat.craftItem.minecraft.dirt":30,"stat.pickup.morecauldrons.oak_cauldron":1,"stat.useItem.pickletweaks.wooden_paxel":61,"stat.pickup.sky_orchards.leaves_petrified":45,"stat.mineBlock.sky_orchards.log_clay":24,"stat.useItem.minecraft.stone_hoe":191,"stat.pickup.minecraft.red_flower":5,"stat.useItem.minecraft.beetroot_seeds":1,"stat.sneakTime":33297,"stat.mineBlock.minecraft.cobblestone_wall":6,"stat.useItem.minecraft.wooden_axe":80,"stat.pickup.minecraft.stone_slab":2,"stat.pickup.minecraft.yellow_flower":7,"stat.craftItem.minecraft.cobblestone":47,"stat.useItem.sky_orchards.sapling_dirt":17,"stat.pickup.minecraft.chest":1,"stat.craftItem.ceramics.unfired_clay":4,"stat.mineBlock.minecraft.cobblestone":1,"stat.mineBlock.minecraft.yellow_flower":8,"stat.craftItem.minecraft.bone":3,"stat.pickup.sky_orchards.resin_dirt":281,"stat.swimOneCm":1651,"stat.mineBlock.morecauldrons.oak_cauldron":1,"stat.useItem.minecraft.dirt":54,"stat.useItem.minecraft.stone_slab2":74,"stat.craftItem.pickletweaks.stone_paxel":3,"stat.craftItem.minecraft.furnace":1,"stat.craftItem.minecraft.bone_block":17,"stat.pickup.tp.cobblegen_block":1,"stat.craftItem.sky_orchards.sapling_bone":2,"stat.craftItem.minecraft.trapdoor":34,"stat.craftItem.minecraft.stone_pickaxe":1,"stat.mineBlock.sky_orchards.leaves_dirt":297,"stat.pickup.minecraft.cobblestone":1,"stat.mineBlock.minecraft.clay":6,"stat.flyOneCm":32287,"stat.craftItem.minecraft.wooden_slab":732,"stat.pickup.sky_orchards.sapling_petrified":143,"stat.timeSinceDeath":22203,"stat.useItem.rustic.cabinet":14,"stat.useItem.minecraft.wooden_slab":394,"stat.useItem.minecraft.potato":14,"stat.pickup.minecraft.wooden_axe":1,"stat.useItem.sky_orchards.sapling_clay":1,"stat.useItem.tconstruct.rack":8,"stat.drop.sky_orchards.sapling_bone":1,"stat.craftItem.minecraft.stone_hoe":2,"stat.mineBlock.sky_orchards.leaves_clay":74,"stat.craftItem.minecraft.stone_slab2":0,"stat.useItem.sky_orchards.sapling_petrified":15,"stat.craftItem.tconstruct.tooltables":5,"stat.mineBlock.rustic.cabinet":6,"stat.sprintOneCm":150432,"stat.mineBlock.minecraft.stone_slab":3,"stat.craftItem.minecraft.stick":160,"stat.craftItem.minecraft.wooden_axe":2,"stat.useItem.minecraft.stone_slab":201,"stat.mineBlock.sky_orchards.leaves_petrified":483,"stat.craftItem.minecraft.stone":56,"stat.pickup.minecraft.grass":24,"stat.useItem.pickletweaks.stone_paxel":51,"stat.pickup.sky_orchards.leaves_gravel":17,"stat.useItem.minecraft.carrot":36,"stat.craftItem.minecraft.clay_ball":140,"stat.mineBlock.minecraft.planks":31,"stat.drop":9,"stat.craftItem.sky_orchards.sapling_clay":4,"stat.pickup.rustic.cabinet":7,"stat.mineBlock.bonsaitrees.bonsaipot":28,"stat.drop.slabmachines.crafting_station_slab":1,"stat.useItem.minecraft.melon_seeds":2,"stat.craftItem.minecraft.dye":162,"stat.craftItem.minecraft.clay":40,"stat.pickup.minecraft.wheat":25,"stat.pickup.tconstruct.tooltables":2,"stat.pickup.minecraft.sign":1,"stat.useItem.bonsaitrees.bonsaipot":46,"stat.pickup.minecraft.obsidian":1,"stat.craftItem.rustic.cabinet":16,"stat.pickup.sky_orchards.resin_clay":105,"stat.pickup.minecraft.brick":45,"stat.jump":479,"stat.craftItem.tconstruct.rack":18,"stat.craftItem.bonsaitrees.bonsaipot":30,"stat.craftItem.minecraft.bread":8,"stat.pickup.minecraft.dirt":12,"stat.drop.ceramics.unfired_clay":1,"stat.pickup.sky_orchards.resin_bone":78,"stat.mineBlock.tconstruct.tooltables":3,"stat.damageTaken":623,"stat.mineBlock.minecraft.torch":17,"stat.mineBlock.minecraft.red_flower":6,"stat.drop.sky_orchards.sapling_gravel":1,"stat.craftItem.slabmachines.crafting_station_slab":2,"stat.pickup.minecraft.potato":23,"stat.pickup.sky_orchards.sapling_clay":36,"stat.craftItem.minecraft.glass":1,"stat.pickup.sky_orchards.acorn_bone":107,"stat.craftItem.minecraft.stone_slab":444,"stat.craftItem.minecraft.stone_shovel":1,"stat.walkOneCm":803890,"stat.pickup.ceramics.clay_bucket":3,"stat.useItem.minecraft.chest":1,"stat.pickup.minecraft.stick":318,"stat.pickup.sky_orchards.sapling_bone":7,"stat.pickup.minecraft.clay_ball":24,"stat.craftItem.inspirations.wooden_crook":17,"stat.pickup.sky_orchards.acorn_clay":110,"stat.pickup.sky_orchards.leaves_sand":27,"stat.craftItem.morecauldrons.oak_cauldron":1,"stat.craftItem.rustic.crushing_tub":1,"stat.pickup.sky_orchards.acorn_gravel":110,"stat.pickup.sky_orchards.sapling_gravel":7,"stat.craftItem.minecraft.fence":240,"stat.useItem.minecraft.cobblestone_wall":20,"stat.pickup.minecraft.beetroot_seeds":2,"stat.mineBlock.rustic.crushing_tub":4,"stat.craftItem.slabmachines.furnace_slab":4,"stat.pickup.minecraft.torch":26,"stat.craftItem.pickletweaks.wooden_paxel":5,"stat.pickup.chineseworkshop.thin_wall_w":41,"stat.mineBlock.tp.cobblegen_block":1,"stat.craftItem.minecraft.brick":89,"stat.mineBlock.sky_orchards.log_petrified":43,"stat.useItem.fenceoverhaul.oak_overhauledfence":140}