{"stat.mineBlock.sky_orchards.log_coal":4,"stat.craftItem.sky_orchards.sapling_cottonwood":2,"stat.craftItem.sky_orchards.sapling_sand":8,"stat.pickup.minecraft.wooden_slab":100,"stat.pickup.fenceoverhaul.oak_overhauledfence":4,"stat.useItem.sky_orchards.sapling_cottonwood":1,"stat.leaveGame":10,"stat.useItem.inspirations.potato_seeds":1,"stat.pickup.tconstruct.edible":4,"stat.craftItem.sky_orchards.amber_bone":44,"stat.pickup.rustic.crushing_tub":5,"stat.pickup.sky_orchards.resin_lead":25,"stat.useItem.minecraft.planks":32,"stat.craftItem.sky_orchards.sapling_petrified":2,"stat.useItem.morebuckets.obsidian_bucket":45,"stat.pickup.minecraft.porkchop":1,"stat.craftItem.xlfoodmod.donut":4,"stat.mineBlock.sky_orchards.log_dirt":49,"stat.craftItem.horsepower.hand_grindstone":2,"stat.drop.sky_orchards.sapling_redstone":1,"stat.pickup.morebuckets.obsidian_bucket":1,"stat.pickup.sky_orchards.resin_cottonwood":11,"stat.craftItem.chineseworkshop.thin_wall_w":36,"stat.pickup.horsepower.hand_grindstone":1,"stat.pickup.sky_orchards.acorn_diamond":16,"stat.craftItem.sky_orchards.amber_clay":1,"stat.useItem.inspirations.carrot_seeds":3,"stat.craftItem.sky_orchards.sapling_gravel":4,"stat.pickup.sky_orchards.sapling_dirt":109,"stat.drop.sky_orchards.amber_silver":1,"stat.craftItem.minecraft.stone_axe":1,"stat.useItem.minecraft.vine":1,"stat.pickup.minecraft.cobblestone_wall":17,"stat.pickup.minecraft.bucket":1,"stat.mineBlock.slabmachines.furnace_slab":2,"stat.mineBlock.minecraft.wooden_slab":55,"stat.craftItem.minecraft.cobblestone_wall":240,"stat.craftItem.minecraft.stone_sword":1,"stat.pickup.sky_orchards.resin_petrified":135,"stat.craftItem.minecraft.cooked_fish":2,"stat.useItem.minecraft.fence_gate":1,"stat.pickup.xlfoodmod.lettuce":3,"stat.pickup.resourcehogs.mud_bucket":1,"stat.pickup.tconstruct.slime_sapling":2,"stat.drop.minecraft.diamond":1,"stat.craftItem.minecraft.wooden_pickaxe":1,"stat.mineBlock.horsepower.hand_grindstone":1,"stat.craftItem.minecraft.glass_pane":224,"stat.pickup.tcomplement.porcelain_melter":2,"stat.mineBlock.minecraft.vine":1,"stat.drop.ceramics.clay_bucket":2,"stat.furnaceInteraction":170,"stat.useItem.minecraft.pumpkin_seeds":1,"stat.useItem.sky_orchards.sapling_gold":1,"stat.pickup.xlfoodmod.lettuce_seeds":2,"stat.mineBlock.sky_orchards.leaves_gold":27,"stat.craftItem.xlfoodmod.dough":16,"stat.pickup.sky_orchards.acorn_coal":4,"stat.pickup.minecraft.beef":31,"stat.craftItem.tcomplement.porcelain_casting":4,"stat.pickup.sky_orchards.acorn_dirt":759,"stat.pickup.inspirations.potato_seeds":3,"stat.pickup.sky_orchards.sapling_coal":6,"stat.useItem.minecraft.fence":2,"stat.pickup.ceramics.unfired_clay":1,"stat.useItem.xlfoodmod.lettuce_seeds":1,"stat.craftItem.minecraft.sand":103,"stat.useItem.minecraft.wheat_seeds":49,"stat.craftItem.minecraft.fence_gate":2,"stat.pickup.minecraft.pumpkin_seeds":2,"stat.mineBlock.snad.snad":1,"stat.pickup.tconstruct.slime_dirt":1,"stat.craftItem.morecauldrons.cobble_cauldron":1,"stat.useItem.minecraft.dye":842,"stat.craftItem.xlfoodmod.lettuce_seeds":3,"stat.deaths":1,"stat.craftItem.minecraft.melon_seeds":8,"stat.pickup.horsepower.chopping_block":1,"stat.pickup.sky_orchards.leaves_dirt":340,"stat.playOneMinute":668558,"stat.craftItem.minecraft.item_frame":12,"stat.pickup.tconstruct.rack":1,"stat.craftItem.minecraft.wooden_shovel":1,"stat.drop.sky_orchards.sapling_tin":1,"stat.useItem.sky_orchards.acorn_dirt":1,"stat.pickup.sky_orchards.sapling_lapis":10,"stat.pickup.minecraft.item_frame":5,"stat.mineBlock.minecraft.tallgrass":88,"stat.fishCaught":2,"stat.drop.sky_orchards.sapling_gold":1,"stat.useItem.sky_orchards.sapling_sand":7,"stat.craftItem.morebuckets.obsidian_bucket":3,"stat.chestOpened":261,"stat.useItem.sky_orchards.acorn_petrified":28,"stat.useItem.slabmachines.crafting_station_slab":2,"stat.drop.sky_orchards.amber_tin":2,"stat.craftItem.tp.cobblegen_block":2,"stat.pickup.sky_orchards.acorn_petrified":177,"stat.useItem.tp.cobblegen_block":1,"stat.craftItem.sky_orchards.sapling_diamond":2,"stat.useItem.inspirations.wooden_crook":845,"stat.useItem.minecraft.clay":5,"stat.pickup.sky_orchards.resin_sand":510,"stat.craftItem.minecraft.coal":84,"stat.pickup.rustic.leaves_apple":4,"stat.useItem.sky_orchards.sapling_gravel":1,"stat.pickup.sky_orchards.resin_gold":7,"stat.fallOneCm":145960,"stat.craftItem.sky_orchards.sapling_redstone":2,"stat.pickup.sky_orchards.leaves_bone":309,"stat.drop.minecraft.dye":3,"stat.pickup.minecraft.carrot":79,"stat.craftItem.tconstruct.wooden_hopper":1,"stat.useItem.horsepower.chopping_block":1,"stat.pickup.minecraft.melon_seeds":4,"stat.craftItem.fenceoverhaul.oak_overhauledfence":159,"stat.crouchOneCm":150948,"stat.mineBlock.minecraft.chest":6,"stat.craftItem.minecraft.diamond":1,"stat.craftItem.minecraft.chest":12,"stat.craftItem.minecraft.iron_ingot":9,"stat.pickup.bonsaitrees.bonsaipot":50,"stat.pickup.minecraft.melon":8,"stat.pickup.sky_orchards.resin_lapis":11,"stat.craftItem.xlfoodmod.cooked_dough":15,"stat.mineBlock.sky_orchards.leaves_sand":236,"stat.pickup.sky_orchards.sapling_sand":112,"stat.mineBlock.tconstruct.rack":1,"stat.pickup.sky_orchards.sapling_tin":5,"stat.pickup.sky_orchards.acorn_redstone":1,"stat.mineBlock.minecraft.log2":22,"stat.pickup.sky_orchards.resin_tin":10,"stat.mineBlock.fenceoverhaul.oak_overhauledfence":5,"stat.drop.minecraft.bone":5,"stat.craftItem.cyclicmagic.block_fragile_weak":144,"stat.pickup.minecraft.dye":54,"stat.pickup.minecraft.planks":36,"stat.pickup.sky_orchards.resin_iron":68,"stat.pickup.sky_orchards.sapling_gold":5,"stat.pickup.minecraft.wheat_seeds":293,"stat.pickup.slabmachines.furnace_slab":1,"stat.mineBlock.sky_orchards.sapling_petrified":3,"stat.useItem.chineseworkshop.thin_wall_w":17,"stat.useItem.minecraft.stone_sword":28,"stat.mineBlock.sky_orchards.log_bone":21,"stat.mineBlock.minecraft.dirt":76,"stat.pickup.sky_orchards.acorn_iron":85,"stat.craftItem.sky_orchards.amber_tin":2,"stat.mineBlock.sky_orchards.leaves_lapis":49,"stat.useItem.minecraft.torch":77,"stat.pickup.sky_orchards.sapling_iron":6,"stat.mineBlock.sky_orchards.sapling_dirt":2,"stat.pickup.sky_orchards.leaves_clay":134,"stat.pickup.inspirations.carrot_seeds":4,"stat.useItem.minecraft.log":33,"stat.pickup.sky_orchards.acorn_gold":7,"stat.useItem.minecraft.cobblestone":37,"stat.craftItem.minecraft.crafting_table":14,"stat.craftItem.ceramics.clay_bucket":4,"stat.mineBlock.sky_orchards.sapling_clay":1,"stat.drop.bonsaitrees.bonsaipot":1,"stat.pickup.minecraft.log":3477,"stat.craftItem.tcomplement.porcelain_melter":2,"stat.craftItem.tp.wooden_shears":5,"stat.pickup.sky_orchards.resin_gravel":131,"stat.useItem.slabmachines.furnace_slab":13,"stat.pickup.sky_orchards.resin_silver":10,"stat.pickup.sky_orchards.acorn_sand":778,"stat.drop.minecraft.sapling":1,"stat.pickup.sky_orchards.amber_tin":1,"stat.pickup.minecraft.sapling":21,"stat.drop.sky_orchards.sapling_lapis":1,"stat.pickup.minecraft.apple":5,"stat.useItem.minecraft.glass_pane":59,"stat.pickup.minecraft.beetroot":3,"stat.craftItem.minecraft.bucket":1,"stat.craftItem.minecraft.planks":2415,"stat.mineBlock.chineseworkshop.thin_wall_w":16,"stat.craftItem.minecraft.dirt":72,"stat.pickup.morecauldrons.oak_cauldron":5,"stat.craftItem.minecraft.fishing_rod":1,"stat.useItem.pickletweaks.wooden_paxel":61,"stat.pickup.sky_orchards.leaves_petrified":45,"stat.mineBlock.minecraft.log":19,"stat.mineBlock.sky_orchards.log_clay":65,"stat.useItem.minecraft.stone_hoe":191,"stat.pickup.rustic.sapling_apple":5,"stat.useItem.inspirations.bone_crook":1204,"stat.pickup.sky_orchards.acorn_lapis":10,"stat.craftItem.sky_orchards.sapling_donut":1,"stat.craftItem.minecraft.sugar":1,"stat.useItem.sky_orchards.sapling_diamond":1,"stat.pickup.minecraft.red_flower":5,"stat.useItem.minecraft.beetroot_seeds":2,"stat.useItem.sky_orchards.sapling_coal":1,"stat.sneakTime":48293,"stat.mineBlock.sky_orchards.log_cottonwood":9,"stat.mineBlock.minecraft.cobblestone_wall":20,"stat.pickup.sky_orchards.sapling_diamond":12,"stat.drop.minecraft.bucket":1,"stat.useItem.minecraft.baked_potato":33,"stat.useItem.minecraft.wooden_axe":80,"stat.pickup.minecraft.stone_slab":2,"stat.pickup.minecraft.yellow_flower":7,"stat.craftItem.minecraft.cobblestone":50,"stat.pickup.cyclicmagic.block_fragile_weak":88,"stat.drop.tconstruct.slime_dirt":1,"stat.useItem.sky_orchards.sapling_dirt":19,"stat.useItem.minecraft.fishing_rod":3,"stat.pickup.minecraft.chest":4,"stat.drop.sky_orchards.sapling_lead":1,"stat.craftItem.ceramics.unfired_clay":348,"stat.mineBlock.minecraft.cobblestone":4,"stat.mineBlock.sky_orchards.leaves_gravel":164,"stat.drop.tconstruct.slime_sapling":1,"stat.pickup.minecraft.flint":12,"stat.mineBlock.minecraft.yellow_flower":8,"stat.craftItem.minecraft.bone":132,"stat.mineBlock.sky_orchards.leaves_silver":52,"stat.pickup.sky_orchards.resin_dirt":575,"stat.pickup.pickletweaks.coal_piece":2,"stat.craftItem.sky_orchards.amber_iron":4,"stat.craftItem.inspirations.bone_crook":4,"stat.swimOneCm":2767,"stat.useItem.sky_orchards.sapling_lapis":1,"stat.drop.sky_orchards.amber_gold":1,"stat.pickup.tconstruct.slime_leaves":5,"stat.mineBlock.morecauldrons.oak_cauldron":5,"stat.craftItem.inspirations.stone_crook":2,"stat.useItem.sky_orchards.sapling_bone":4,"stat.mineBlock.sky_orchards.leaves_redstone":13,"stat.useItem.minecraft.dirt":279,"stat.useItem.minecraft.stone_slab2":162,"stat.craftItem.pickletweaks.stone_paxel":17,"stat.craftItem.minecraft.furnace":1,"stat.craftItem.minecraft.lapis_block":2,"stat.craftItem.minecraft.bone_block":96,"stat.pickup.tp.cobblegen_block":3,"stat.craftItem.sky_orchards.sapling_bone":2,"stat.craftItem.extendedcrafting.handheld_table":2,"stat.craftItem.minecraft.trapdoor":92,"stat.craftItem.minecraft.stone_pickaxe":1,"stat.craftItem.minecraft.cooked_beef":1,"stat.mineBlock.sky_orchards.leaves_dirt":403,"stat.pickup.minecraft.cobblestone":68,"stat.craftItem.sky_orchards.amber_gold":3,"stat.mineBlock.minecraft.clay":6,"stat.flyOneCm":434057,"stat.craftItem.minecraft.glass_bottle":6,"stat.mineBlock.sky_orchards.leaves_coal":47,"stat.pickup.minecraft.fish":2,"stat.pickup.sky_orchards.sapling_lead":15,"stat.pickup.sky_orchards.resin_coal":5,"stat.craftItem.minecraft.wooden_slab":1482,"stat.pickup.minecraft.cactus":21,"stat.pickup.sky_orchards.sapling_petrified":143,"stat.mineBlock.morecauldrons.cobble_cauldron":2,"stat.timeSinceDeath":441051,"stat.drop.horsepower.chopping_block":1,"stat.useItem.rustic.cabinet":65,"stat.mineBlock.sky_orchards.leaves_cottonwood":112,"stat.useItem.minecraft.sign":2,"stat.useItem.minecraft.wooden_slab":1029,"stat.useItem.minecraft.potato":18,"stat.pickup.minecraft.wooden_axe":1,"stat.craftItem.tconstruct.slime_dirt":2,"stat.pickup.sky_orchards.leaves_diamond":2,"stat.craftItem.tcomplement.porcelain_tank":2,"stat.useItem.sky_orchards.sapling_clay":9,"stat.useItem.tconstruct.rack":23,"stat.mineBlock.cyclicmagic.block_fragile_weak":88,"stat.drop.sky_orchards.sapling_bone":1,"stat.pickup.sky_orchards.acorn_lead":17,"stat.craftItem.minecraft.stone_hoe":2,"stat.mineBlock.sky_orchards.leaves_diamond":108,"stat.mineBlock.sky_orchards.leaves_clay":90,"stat.craftItem.minecraft.stone_slab2":0,"stat.pickup.sky_orchards.sapling_cottonwood":10,"stat.craftItem.tconstruct.stone_stick":8,"stat.useItem.sky_orchards.sapling_petrified":15,"stat.craftItem.tconstruct.tooltables":15,"stat.mineBlock.rustic.cabinet":21,"stat.sprintOneCm":1128030,"stat.mineBlock.minecraft.stone_slab":3,"stat.mineBlock.tcomplement.porcelain_melter":1,"stat.craftItem.minecraft.stick":164,"stat.craftItem.minecraft.wooden_axe":2,"stat.useItem.minecraft.stone_slab":201,"stat.mineBlock.sky_orchards.leaves_petrified":483,"stat.craftItem.minecraft.stone":56,"stat.pickup.minecraft.grass":40,"stat.useItem.pickletweaks.stone_paxel":458,"stat.pickup.sky_orchards.leaves_gravel":66,"stat.useItem.ceramics.faucet":1,"stat.useItem.minecraft.carrot":36,"stat.craftItem.animalcrops.seeds":2,"stat.craftItem.minecraft.clay_ball":280,"stat.pickup.sky_orchards.amber_silver":1,"stat.mineBlock.sky_orchards.log_lead":9,"stat.mineBlock.minecraft.planks":34,"stat.drop":34,"stat.pickup.sky_orchards.resin_diamond":18,"stat.craftItem.sky_orchards.sapling_clay":4,"stat.mineBlock.rustic.leaves_apple":25,"stat.pickup.rustic.cabinet":22,"stat.pickup.sky_orchards.leaves_lead":1,"stat.mineBlock.bonsaitrees.bonsaipot":49,"stat.drop.slabmachines.crafting_station_slab":1,"stat.useItem.minecraft.melon_seeds":3,"stat.craftItem.minecraft.dye":1188,"stat.useItem.animalcrops.seeds":1,"stat.craftItem.minecraft.clay":75,"stat.pickup.minecraft.wheat":365,"stat.pickup.tconstruct.tooltables":5,"stat.pickup.sky_orchards.acorn_cottonwood":5,"stat.pickup.minecraft.sign":7,"stat.mineBlock.sky_orchards.leaves_bone":217,"stat.useItem.minecraft.glass_bottle":3,"stat.craftItem.minecraft.cooked_porkchop":1,"stat.pickup.morecauldrons.cobble_cauldron":2,"stat.useItem.bonsaitrees.bonsaipot":66,"stat.pickup.minecraft.obsidian":1,"stat.craftItem.rustic.cabinet":92,"stat.useItem.minecraft.potion":2,"stat.craftItem.sky_orchards.sapling_coal":1,"stat.pickup.sky_orchards.resin_clay":408,"stat.drop.sky_orchards.amber_lead":1,"stat.pickup.minecraft.brick":45,"stat.pickup.sky_orchards.leaves_iron":28,"stat.jump":1939,"stat.pickup.sky_orchards.acorn_tin":20,"stat.craftItem.tconstruct.rack":39,"stat.useItem.tconstruct.tooltables":7,"stat.pickup.sky_orchards.sapling_redstone":2,"stat.craftItem.bonsaitrees.bonsaipot":32,"stat.craftItem.minecraft.lever":1,"stat.craftItem.minecraft.bread":8,"stat.craftItem.minecraft.torch":36,"stat.mineBlock.sky_orchards.log_sand":54,"stat.pickup.minecraft.dirt":59,"stat.useItem.cyclicmagic.block_fragile_weak":40,"stat.craftItem.sky_orchards.sapling_lapis":2,"stat.pickup.tconstruct.slime_congealed":1,"stat.drop.ceramics.unfired_clay":1,"stat.pickup.sky_orchards.resin_bone":699,"stat.pickup.tcomplement.porcelain_tank":1,"stat.pickup.sky_orchards.leaves_cottonwood":57,"stat.useItem.minecraft.sapling":3,"stat.pickup.inspirations.sugar_cane_seeds":20,"stat.mineBlock.tconstruct.tooltables":7,"stat.pickup.minecraft.leaves":63,"stat.mineBlock.minecraft.glass_pane":3,"stat.mineBlock.minecraft.leaves2":16,"stat.mineBlock.sky_orchards.log_lapis":4,"stat.damageTaken":643,"stat.pickup.minecraft.leather":14,"stat.mineBlock.minecraft.torch":39,"stat.mineBlock.minecraft.red_flower":6,"stat.mineBlock.minecraft.melon_block":2,"stat.mineBlock.minecraft.furnace":1,"stat.drop.sky_orchards.sapling_gravel":1,"stat.pickup.minecraft.log2":9,"stat.craftItem.sky_orchards.amber_lead":6,"stat.pickup.minecraft.reeds":145,"stat.craftItem.slabmachines.crafting_station_slab":6,"stat.pickup.minecraft.potato":87,"stat.pickup.sky_orchards.sapling_clay":97,"stat.craftItem.minecraft.glass":92,"stat.damageDealt":1408,"stat.pickup.snad.snad":1,"stat.craftItem.minecraft.baked_potato":54,"stat.mineBlock.sky_orchards.log_iron":5,"stat.killEntity.Cow":14,"stat.craftItem.horsepower.chopping_block":2,"stat.killEntity.Pig":1,"stat.pickup.sky_orchards.acorn_bone":968,"stat.craftItem.minecraft.stone_slab":570,"stat.craftItem.minecraft.stone_shovel":1,"stat.walkOneCm":2100189,"stat.pickup.ceramics.clay_bucket":3,"stat.animalsBred":16,"stat.useItem.minecraft.chest":7,"stat.drop.resourcehogs.mud_bucket":1,"stat.pickup.minecraft.stick":1288,"stat.pickup.sky_orchards.sapling_bone":110,"stat.pickup.minecraft.clay_ball":24,"stat.craftItem.inspirations.wooden_crook":17,"stat.pickup.sky_orchards.acorn_clay":448,"stat.pickup.rustic.apple_seeds":1,"stat.pickup.sky_orchards.leaves_sand":225,"stat.mineBlock.sky_orchards.log_silver":6,"stat.craftItem.morecauldrons.oak_cauldron":2,"stat.craftItem.sky_orchards.amber_silver":3,"stat.craftItem.ceramics.faucet":2,"stat.mineBlock.sky_orchards.log_gravel":12,"stat.craftItem.rustic.crushing_tub":1,"stat.pickup.sky_orchards.acorn_gravel":258,"stat.useItem.minecraft.item_frame":13,"stat.mineBlock.sky_orchards.leaves_lead":110,"stat.mineBlock.sky_orchards.log_diamond":9,"stat.pickup.minecraft.baked_potato":39,"stat.drop.sky_orchards.sapling_coal":1,"stat.pickup.sky_orchards.acorn_silver":4,"stat.pickup.sky_orchards.sapling_gravel":65,"stat.drop.sky_orchards.sapling_diamond":1,"stat.pickup.sky_orchards.sapling_silver":10,"stat.mineBlock.minecraft.cactus":1,"stat.mobKills":15,"stat.craftItem.minecraft.fence":240,"stat.mineBlock.sky_orchards.log_gold":4,"stat.pickup.minecraft.water_bucket":1,"stat.useItem.minecraft.cobblestone_wall":121,"stat.pickup.minecraft.diamond":1,"stat.pickup.minecraft.beetroot_seeds":5,"stat.mineBlock.minecraft.leaves":134,"stat.mineBlock.rustic.crushing_tub":5,"stat.craftItem.slabmachines.furnace_slab":19,"stat.pickup.minecraft.torch":48,"stat.pickup.sky_orchards.leaves_tin":6,"stat.craftItem.pickletweaks.wooden_paxel":5,"stat.pickup.chineseworkshop.thin_wall_w":49,"stat.mineBlock.tp.cobblegen_block":3,"stat.craftItem.minecraft.brick":98,"stat.mineBlock.sky_orchards.log_petrified":43,"stat.useItem.fenceoverhaul.oak_overhauledfence":140}