{"stat.craftItem.sky_orchards.sapling_cottonwood":2,"stat.craftItem.sky_orchards.sapling_sand":8,"stat.pickup.minecraft.wooden_slab":86,"stat.pickup.fenceoverhaul.oak_overhauledfence":4,"stat.useItem.sky_orchards.sapling_cottonwood":1,"stat.leaveGame":9,"stat.useItem.inspirations.potato_seeds":1,"stat.craftItem.sky_orchards.amber_bone":44,"stat.pickup.rustic.crushing_tub":4,"stat.useItem.minecraft.planks":32,"stat.craftItem.sky_orchards.sapling_petrified":2,"stat.useItem.morebuckets.obsidian_bucket":34,"stat.mineBlock.sky_orchards.log_dirt":49,"stat.craftItem.horsepower.hand_grindstone":2,"stat.pickup.sky_orchards.resin_cottonwood":11,"stat.craftItem.chineseworkshop.thin_wall_w":36,"stat.craftItem.sky_orchards.amber_clay":1,"stat.useItem.inspirations.carrot_seeds":3,"stat.craftItem.sky_orchards.sapling_gravel":4,"stat.pickup.sky_orchards.sapling_dirt":109,"stat.craftItem.minecraft.stone_axe":1,"stat.useItem.minecraft.vine":1,"stat.pickup.minecraft.cobblestone_wall":17,"stat.mineBlock.slabmachines.furnace_slab":2,"stat.mineBlock.minecraft.wooden_slab":34,"stat.craftItem.minecraft.cobblestone_wall":240,"stat.pickup.sky_orchards.resin_petrified":135,"stat.craftItem.minecraft.cooked_fish":2,"stat.useItem.minecraft.fence_gate":1,"stat.pickup.xlfoodmod.lettuce":3,"stat.craftItem.minecraft.wooden_pickaxe":1,"stat.craftItem.minecraft.glass_pane":224,"stat.mineBlock.minecraft.vine":1,"stat.drop.ceramics.clay_bucket":2,"stat.furnaceInteraction":125,"stat.useItem.minecraft.pumpkin_seeds":1,"stat.pickup.xlfoodmod.lettuce_seeds":2,"stat.pickup.sky_orchards.acorn_dirt":759,"stat.pickup.inspirations.potato_seeds":3,"stat.useItem.minecraft.fence":2,"stat.pickup.ceramics.unfired_clay":1,"stat.useItem.xlfoodmod.lettuce_seeds":1,"stat.craftItem.minecraft.sand":94,"stat.useItem.minecraft.wheat_seeds":49,"stat.craftItem.minecraft.fence_gate":2,"stat.pickup.minecraft.pumpkin_seeds":2,"stat.craftItem.morecauldrons.cobble_cauldron":1,"stat.useItem.minecraft.dye":342,"stat.craftItem.xlfoodmod.lettuce_seeds":3,"stat.deaths":1,"stat.craftItem.minecraft.melon_seeds":8,"stat.pickup.sky_orchards.leaves_dirt":340,"stat.playOneMinute":461359,"stat.pickup.tconstruct.rack":1,"stat.craftItem.minecraft.wooden_shovel":1,"stat.useItem.sky_orchards.acorn_dirt":1,"stat.mineBlock.minecraft.tallgrass":88,"stat.fishCaught":2,"stat.useItem.sky_orchards.sapling_sand":2,"stat.craftItem.morebuckets.obsidian_bucket":1,"stat.chestOpened":137,"stat.useItem.sky_orchards.acorn_petrified":28,"stat.craftItem.tp.cobblegen_block":2,"stat.pickup.sky_orchards.acorn_petrified":177,"stat.useItem.inspirations.wooden_crook":845,"stat.useItem.minecraft.clay":5,"stat.pickup.sky_orchards.resin_sand":460,"stat.craftItem.minecraft.coal":82,"stat.fallOneCm":118153,"stat.pickup.sky_orchards.leaves_bone":293,"stat.drop.minecraft.dye":3,"stat.pickup.minecraft.carrot":79,"stat.pickup.minecraft.melon_seeds":4,"stat.craftItem.fenceoverhaul.oak_overhauledfence":159,"stat.crouchOneCm":143743,"stat.mineBlock.minecraft.chest":4,"stat.craftItem.minecraft.chest":3,"stat.pickup.bonsaitrees.bonsaipot":49,"stat.pickup.minecraft.melon":8,"stat.mineBlock.sky_orchards.leaves_sand":214,"stat.pickup.sky_orchards.sapling_sand":96,"stat.mineBlock.tconstruct.rack":1,"stat.mineBlock.fenceoverhaul.oak_overhauledfence":5,"stat.craftItem.cyclicmagic.block_fragile_weak":144,"stat.pickup.minecraft.dye":54,"stat.pickup.minecraft.planks":35,"stat.pickup.minecraft.wheat_seeds":115,"stat.pickup.slabmachines.furnace_slab":1,"stat.mineBlock.sky_orchards.sapling_petrified":3,"stat.useItem.chineseworkshop.thin_wall_w":17,"stat.mineBlock.sky_orchards.log_bone":21,"stat.mineBlock.minecraft.dirt":47,"stat.useItem.minecraft.torch":68,"stat.mineBlock.sky_orchards.sapling_dirt":2,"stat.pickup.sky_orchards.leaves_clay":37,"stat.pickup.inspirations.carrot_seeds":4,"stat.useItem.minecraft.log":33,"stat.useItem.minecraft.cobblestone":23,"stat.craftItem.minecraft.crafting_table":4,"stat.craftItem.ceramics.clay_bucket":4,"stat.mineBlock.sky_orchards.sapling_clay":1,"stat.pickup.minecraft.log":2747,"stat.craftItem.tp.wooden_shears":5,"stat.pickup.sky_orchards.resin_gravel":36,"stat.useItem.slabmachines.furnace_slab":1,"stat.pickup.sky_orchards.acorn_sand":758,"stat.useItem.minecraft.glass_pane":59,"stat.pickup.minecraft.beetroot":3,"stat.craftItem.minecraft.planks":2337,"stat.mineBlock.chineseworkshop.thin_wall_w":8,"stat.craftItem.minecraft.dirt":72,"stat.pickup.morecauldrons.oak_cauldron":2,"stat.craftItem.minecraft.fishing_rod":1,"stat.useItem.pickletweaks.wooden_paxel":61,"stat.pickup.sky_orchards.leaves_petrified":45,"stat.mineBlock.minecraft.log":1,"stat.mineBlock.sky_orchards.log_clay":24,"stat.useItem.minecraft.stone_hoe":191,"stat.useItem.inspirations.bone_crook":483,"stat.pickup.minecraft.red_flower":5,"stat.useItem.minecraft.beetroot_seeds":2,"stat.sneakTime":43826,"stat.mineBlock.sky_orchards.log_cottonwood":9,"stat.mineBlock.minecraft.cobblestone_wall":20,"stat.useItem.minecraft.baked_potato":13,"stat.useItem.minecraft.wooden_axe":80,"stat.pickup.minecraft.stone_slab":2,"stat.pickup.minecraft.yellow_flower":7,"stat.craftItem.minecraft.cobblestone":47,"stat.pickup.cyclicmagic.block_fragile_weak":88,"stat.useItem.sky_orchards.sapling_dirt":19,"stat.useItem.minecraft.fishing_rod":3,"stat.pickup.minecraft.chest":2,"stat.craftItem.ceramics.unfired_clay":4,"stat.mineBlock.minecraft.cobblestone":1,"stat.mineBlock.minecraft.yellow_flower":8,"stat.craftItem.minecraft.bone":132,"stat.pickup.sky_orchards.resin_dirt":575,"stat.craftItem.inspirations.bone_crook":2,"stat.swimOneCm":2222,"stat.mineBlock.morecauldrons.oak_cauldron":2,"stat.useItem.sky_orchards.sapling_bone":4,"stat.useItem.minecraft.dirt":266,"stat.useItem.minecraft.stone_slab2":104,"stat.craftItem.pickletweaks.stone_paxel":13,"stat.craftItem.minecraft.furnace":1,"stat.craftItem.minecraft.bone_block":34,"stat.pickup.tp.cobblegen_block":1,"stat.craftItem.sky_orchards.sapling_bone":2,"stat.craftItem.extendedcrafting.handheld_table":1,"stat.craftItem.minecraft.trapdoor":92,"stat.craftItem.minecraft.stone_pickaxe":1,"stat.mineBlock.sky_orchards.leaves_dirt":403,"stat.pickup.minecraft.cobblestone":1,"stat.mineBlock.minecraft.clay":6,"stat.flyOneCm":171694,"stat.pickup.minecraft.fish":2,"stat.craftItem.minecraft.wooden_slab":1482,"stat.pickup.sky_orchards.sapling_petrified":143,"stat.timeSinceDeath":233852,"stat.useItem.rustic.cabinet":65,"stat.mineBlock.sky_orchards.leaves_cottonwood":112,"stat.useItem.minecraft.wooden_slab":1028,"stat.useItem.minecraft.potato":18,"stat.pickup.minecraft.wooden_axe":1,"stat.useItem.sky_orchards.sapling_clay":1,"stat.useItem.tconstruct.rack":23,"stat.mineBlock.cyclicmagic.block_fragile_weak":88,"stat.drop.sky_orchards.sapling_bone":1,"stat.craftItem.minecraft.stone_hoe":2,"stat.mineBlock.sky_orchards.leaves_clay":74,"stat.craftItem.minecraft.stone_slab2":0,"stat.pickup.sky_orchards.sapling_cottonwood":10,"stat.useItem.sky_orchards.sapling_petrified":15,"stat.craftItem.tconstruct.tooltables":5,"stat.mineBlock.rustic.cabinet":17,"stat.sprintOneCm":534484,"stat.mineBlock.minecraft.stone_slab":3,"stat.craftItem.minecraft.stick":160,"stat.craftItem.minecraft.wooden_axe":2,"stat.useItem.minecraft.stone_slab":201,"stat.mineBlock.sky_orchards.leaves_petrified":483,"stat.craftItem.minecraft.stone":56,"stat.pickup.minecraft.grass":39,"stat.useItem.pickletweaks.stone_paxel":202,"stat.pickup.sky_orchards.leaves_gravel":17,"stat.useItem.minecraft.carrot":36,"stat.craftItem.animalcrops.seeds":2,"stat.craftItem.minecraft.clay_ball":148,"stat.mineBlock.minecraft.planks":33,"stat.drop":9,"stat.craftItem.sky_orchards.sapling_clay":4,"stat.pickup.rustic.cabinet":18,"stat.mineBlock.bonsaitrees.bonsaipot":48,"stat.drop.slabmachines.crafting_station_slab":1,"stat.useItem.minecraft.melon_seeds":3,"stat.craftItem.minecraft.dye":597,"stat.useItem.animalcrops.seeds":1,"stat.craftItem.minecraft.clay":42,"stat.pickup.minecraft.wheat":136,"stat.pickup.tconstruct.tooltables":3,"stat.pickup.sky_orchards.acorn_cottonwood":5,"stat.pickup.minecraft.sign":3,"stat.mineBlock.sky_orchards.leaves_bone":217,"stat.useItem.bonsaitrees.bonsaipot":66,"stat.pickup.minecraft.obsidian":1,"stat.craftItem.rustic.cabinet":92,"stat.pickup.sky_orchards.resin_clay":105,"stat.pickup.minecraft.brick":45,"stat.jump":1007,"stat.craftItem.tconstruct.rack":39,"stat.craftItem.bonsaitrees.bonsaipot":32,"stat.craftItem.minecraft.bread":8,"stat.craftItem.minecraft.torch":36,"stat.mineBlock.sky_orchards.log_sand":20,"stat.pickup.minecraft.dirt":46,"stat.useItem.cyclicmagic.block_fragile_weak":40,"stat.drop.ceramics.unfired_clay":1,"stat.pickup.sky_orchards.resin_bone":668,"stat.pickup.sky_orchards.leaves_cottonwood":57,"stat.mineBlock.tconstruct.tooltables":4,"stat.mineBlock.minecraft.glass_pane":3,"stat.damageTaken":623,"stat.mineBlock.minecraft.torch":30,"stat.mineBlock.minecraft.red_flower":6,"stat.mineBlock.minecraft.melon_block":2,"stat.mineBlock.minecraft.furnace":1,"stat.drop.sky_orchards.sapling_gravel":1,"stat.craftItem.slabmachines.crafting_station_slab":2,"stat.pickup.minecraft.potato":43,"stat.pickup.sky_orchards.sapling_clay":36,"stat.craftItem.minecraft.glass":86,"stat.craftItem.minecraft.baked_potato":25,"stat.pickup.sky_orchards.acorn_bone":924,"stat.craftItem.minecraft.stone_slab":444,"stat.craftItem.minecraft.stone_shovel":1,"stat.walkOneCm":1433454,"stat.pickup.ceramics.clay_bucket":3,"stat.animalsBred":2,"stat.useItem.minecraft.chest":1,"stat.pickup.minecraft.stick":1046,"stat.pickup.sky_orchards.sapling_bone":79,"stat.pickup.minecraft.clay_ball":24,"stat.craftItem.inspirations.wooden_crook":17,"stat.pickup.sky_orchards.acorn_clay":110,"stat.pickup.sky_orchards.leaves_sand":225,"stat.craftItem.morecauldrons.oak_cauldron":1,"stat.craftItem.rustic.crushing_tub":1,"stat.pickup.sky_orchards.acorn_gravel":110,"stat.pickup.sky_orchards.sapling_gravel":7,"stat.craftItem.minecraft.fence":240,"stat.useItem.minecraft.cobblestone_wall":112,"stat.pickup.minecraft.beetroot_seeds":5,"stat.mineBlock.rustic.crushing_tub":4,"stat.craftItem.slabmachines.furnace_slab":4,"stat.pickup.minecraft.torch":37,"stat.craftItem.pickletweaks.wooden_paxel":5,"stat.pickup.chineseworkshop.thin_wall_w":41,"stat.mineBlock.tp.cobblegen_block":1,"stat.craftItem.minecraft.brick":98,"stat.mineBlock.sky_orchards.log_petrified":43,"stat.useItem.fenceoverhaul.oak_overhauledfence":140}