{"stat.mineBlock.sky_orchards.log_coal":4,"stat.craftItem.sky_orchards.sapling_sand":8,"stat.pickup.minecraft.wooden_slab":1045,"stat.pickup.fenceoverhaul.oak_overhauledfence":4,"stat.leaveGame":20,"stat.pickup.tconstruct.edible":146,"stat.craftItem.sky_orchards.amber_bone":44,"stat.pickup.rustic.crushing_tub":5,"stat.craftItem.minecraft.shield":1,"stat.mineBlock.sky_orchards.log_dirt":49,"stat.drop.sky_orchards.sapling_redstone":1,"stat.pickup.sky_orchards.resin_cottonwood":339,"stat.craftItem.chineseworkshop.thin_wall_w":36,"stat.pickup.horsepower.hand_grindstone":1,"stat.pickup.sky_orchards.acorn_diamond":267,"stat.craftItem.sky_orchards.amber_clay":1,"stat.craftItem.telepastries.nether_cake":3,"stat.craftItem.sky_orchards.sapling_gravel":4,"stat.pickup.sky_orchards.sapling_dirt":208,"stat.drop.sky_orchards.amber_silver":1,"stat.pickup.uppers.upper":6,"stat.craftItem.minecraft.stone_axe":1,"stat.pickup.sky_orchards.resin_emerald":7,"stat.useItem.minecraft.vine":1,"stat.pickup.minecraft.cobblestone_wall":471,"stat.pickup.minecraft.bucket":9,"stat.mineBlock.slabmachines.furnace_slab":2,"stat.mineBlock.minecraft.wooden_slab":126,"stat.pickup.sky_orchards.resin_petrified":135,"stat.pickup.xlfoodmod.lettuce":23,"stat.craftItem.minecraft.wooden_pickaxe":1,"stat.craftItem.minecraft.glass_pane":224,"stat.pickup.tcomplement.porcelain_melter":2,"stat.pickup.resourcehogs.truffle":16,"stat.mineBlock.minecraft.vine":1,"stat.furnaceInteraction":195,"stat.useItem.minecraft.pumpkin_seeds":1,"stat.useItem.sky_orchards.sapling_gold":1,"stat.pickup.sky_orchards.acorn_coal":820,"stat.pickup.minecraft.beef":152,"stat.useItem.inspirations.cactus_seeds":2,"stat.craftItem.storagenetwork.storage_kabel":64,"stat.pickup.sky_orchards.acorn_dirt":1399,"stat.pickup.inspirations.potato_seeds":14,"stat.useItem.minecraft.trapdoor":1,"stat.pickup.sky_orchards.sapling_coal":52,"stat.useItem.minecraft.fence":2,"stat.pickup.ceramics.unfired_clay":860,"stat.useItem.xlfoodmod.lettuce_seeds":1,"stat.useItem.minecraft.wheat_seeds":49,"stat.mineBlock.snad.snad":2,"stat.craftItem.morecauldrons.cobble_cauldron":1,"stat.useItem.minecraft.dye":905,"stat.pickup.minecraft.lever":5,"stat.deaths":1,"stat.craftItem.minecraft.melon_seeds":8,"stat.pickup.horsepower.chopping_block":13,"stat.pickup.sky_orchards.leaves_dirt":468,"stat.craftItem.minecraft.item_frame":12,"stat.craftItem.minecraft.wooden_shovel":1,"stat.pickup.xlfoodmod.raw_corn":17,"stat.drop.sky_orchards.sapling_tin":1,"stat.pickup.sky_orchards.sapling_lapis":11,"stat.pickup.minecraft.glass_pane":425,"stat.pickup.minecraft.item_frame":35,"stat.craftItem.minecraft.repeater":1,"stat.mineBlock.minecraft.tallgrass":104,"stat.fishCaught":2,"stat.useItem.sky_orchards.sapling_sand":7,"stat.chestOpened":439,"stat.useItem.sky_orchards.acorn_petrified":28,"stat.useItem.minecraft.stone":1,"stat.drop.storagenetwork.storage_kabel":1,"stat.drop.sky_orchards.amber_tin":2,"stat.pickup.sky_orchards.resin_redstone":677,"stat.craftItem.cyclicmagic.clock":1,"stat.pickup.minecraft.wooden_pressure_plate":23,"stat.useItem.tp.cobblegen_block":1,"stat.craftItem.minecraft.quartz_block":4,"stat.useItem.minecraft.clay":5,"stat.craftItem.minecraft.coal":96,"stat.craftItem.uppers.upper":3,"stat.useItem.sky_orchards.sapling_gravel":1,"stat.craftItem.sky_orchards.sapling_redstone":2,"stat.pickup.minecraft.carrot":161,"stat.craftItem.fenceoverhaul.oak_overhauledfence":219,"stat.crouchOneCm":214415,"stat.mineBlock.minecraft.chest":13,"stat.craftItem.minecraft.diamond":51,"stat.mineBlock.slabmachines.crafting_station_slab":4,"stat.craftItem.minecraft.iron_ingot":117,"stat.pickup.bonsaitrees.bonsaipot":109,"stat.pickup.sky_orchards.resin_lapis":523,"stat.craftItem.minecraft.hopper":45,"stat.craftItem.xlfoodmod.cooked_dough":24,"stat.mineBlock.tconstruct.rack":1,"stat.pickup.sky_orchards.sapling_tin":7,"stat.pickup.sky_orchards.acorn_redstone":565,"stat.mineBlock.minecraft.log2":22,"stat.craftItem.cyclicmagic.block_fragile_weak":144,"stat.pickup.minecraft.dye":734,"stat.pickup.minecraft.planks":153,"stat.pickup.sky_orchards.resin_iron":382,"stat.craftItem.minecraft.diamond_shovel":2,"stat.pickup.minecraft.wheat_seeds":1652,"stat.useItem.chineseworkshop.thin_wall_w":17,"stat.craftItem.inspirations.cactus_seeds":3,"stat.pickup.xlfoodmod.cooked_dough":55,"stat.mineBlock.minecraft.dirt":82,"stat.pickup.sky_orchards.acorn_iron":328,"stat.pickup.minecraft.poisonous_potato":1,"stat.mineBlock.sky_orchards.leaves_lapis":49,"stat.pickup.compactstorage.compactchest":5,"stat.pickup.sky_orchards.sapling_iron":29,"stat.mineBlock.bdsandm.wood_barrel":2,"stat.pickup.inspirations.carrot_seeds":4,"stat.useItem.minecraft.cobblestone":305,"stat.mineBlock.sky_orchards.sapling_clay":1,"stat.drop.bonsaitrees.bonsaipot":1,"stat.craftItem.tcomplement.porcelain_melter":2,"stat.craftItem.tp.wooden_shears":5,"stat.pickup.sky_orchards.resin_gravel":1219,"stat.useItem.slabmachines.furnace_slab":13,"stat.pickup.sky_orchards.resin_silver":19,"stat.drop.minecraft.sapling":1,"stat.pickup.minecraft.hopper":7,"stat.drop.sky_orchards.sapling_lapis":1,"stat.pickup.minecraft.apple":17,"stat.useItem.minecraft.glass_pane":59,"stat.pickup.integrateddynamics.squeezer":1,"stat.craftItem.minecraft.bucket":2,"stat.craftItem.minecraft.planks":3267,"stat.drop.storagenetwork.remote":1,"stat.craftItem.minecraft.dirt":72,"stat.pickup.morecauldrons.oak_cauldron":52,"stat.craftItem.minecraft.fishing_rod":1,"stat.pickup.sky_orchards.leaves_petrified":45,"stat.mineBlock.minecraft.log":27,"stat.pickup.rustic.sapling_apple":13,"stat.craftItem.sky_orchards.sapling_donut":1,"stat.craftItem.storagenetwork.master":1,"stat.useItem.sky_orchards.sapling_diamond":1,"stat.mineBlock.pickletweaks.colored_cobblestone":2,"stat.pickup.minecraft.red_flower":26,"stat.mineBlock.sky_orchards.log_cottonwood":9,"stat.pickup.minecraft.wool":4,"stat.useItem.minecraft.wooden_axe":80,"stat.drop.resourcehogs.truffle":1,"stat.craftItem.minecraft.cobblestone":50,"stat.craftItem.storagenetwork.remote":2,"stat.pickup.cyclicmagic.sprinkler":4,"stat.craftItem.minecraft.diamond_leggings":1,"stat.mineBlock.minecraft.cobblestone":15,"stat.drop.tconstruct.slime_sapling":1,"stat.pickup.minecraft.flint":116,"stat.mineBlock.minecraft.yellow_flower":10,"stat.craftItem.sky_orchards.sapling_emerald":1,"stat.pickup.pickletweaks.coal_piece":27,"stat.craftItem.compactstorage.chestbuilder":1,"stat.drop.sky_orchards.amber_gold":1,"stat.mineBlock.morecauldrons.oak_cauldron":6,"stat.mineBlock.sky_orchards.leaves_redstone":65,"stat.pickup.inspirations.bone_crook":2,"stat.useItem.minecraft.stone_slab2":248,"stat.craftItem.pickletweaks.stone_paxel":17,"stat.craftItem.minecraft.furnace":3,"stat.craftItem.minecraft.lapis_block":2,"stat.pickup.tp.cobblegen_block":3,"stat.mineBlock.sky_orchards.leaves_emerald":33,"stat.craftItem.minecraft.cooked_beef":1,"stat.mineBlock.sky_orchards.leaves_dirt":403,"stat.craftItem.sky_orchards.amber_gold":121,"stat.mineBlock.minecraft.clay":6,"stat.flyOneCm":1190555,"stat.craftItem.storagenetwork.ex_kabel":4,"stat.pickup.tp.wooden_shears":4,"stat.mineBlock.sky_orchards.leaves_coal":47,"stat.pickup.minecraft.fish":6,"stat.pickup.pickletweaks.wooden_paxel":1,"stat.mineBlock.morecauldrons.cobble_cauldron":3,"stat.craftItem.bdsandm.wood_barrel":12,"stat.timeSinceDeath":856875,"stat.useItem.rustic.cabinet":94,"stat.useItem.minecraft.wooden_slab":1154,"stat.mineBlock.telepastries.nether_cake":1,"stat.craftItem.minecraft.iron_block":4,"stat.useItem.minecraft.potato":18,"stat.craftItem.tconstruct.slime_dirt":2,"stat.craftItem.tcomplement.porcelain_tank":2,"stat.useItem.tconstruct.rack":23,"stat.drop.sky_orchards.sapling_bone":1,"stat.pickup.sky_orchards.acorn_lead":17,"stat.pickup.minecraft.shield":3,"stat.craftItem.minecraft.stone_hoe":2,"stat.mineBlock.sky_orchards.leaves_diamond":108,"stat.pickup.minecraft.string":22,"stat.pickup.tcomplement.porcelain_casting":1,"stat.useItem.minecraft.milk_bucket":1,"stat.craftItem.tconstruct.stone_stick":8,"stat.useItem.sky_orchards.sapling_petrified":15,"stat.craftItem.tconstruct.tooltables":15,"stat.pickup.sky_orchards.sapling_bacon":3,"stat.sprintOneCm":2208733,"stat.mineBlock.minecraft.stone_slab":18,"stat.craftItem.minecraft.wooden_axe":2,"stat.mineBlock.uppers.upper":1,"stat.pickup.bdsandm.wood_barrel":17,"stat.mineBlock.sky_orchards.leaves_petrified":483,"stat.pickup.sky_orchards.sapling_emerald":4,"stat.pickup.sky_orchards.leaves_gravel":66,"stat.useItem.ceramics.faucet":1,"stat.craftItem.minecraft.wooden_pressure_plate":36,"stat.mineBlock.sky_orchards.log_lead":9,"stat.drop.bdsandm.wood_barrel":1,"stat.pickup.minecraft.vine":2,"stat.pickup.sky_orchards.resin_diamond":247,"stat.pickup.sky_orchards.leaves_lead":2,"stat.mineBlock.bonsaitrees.bonsaipot":80,"stat.drop.slabmachines.crafting_station_slab":1,"stat.pickup.minecraft.iron_block":4,"stat.craftItem.minecraft.dye":1188,"stat.useItem.animalcrops.seeds":1,"stat.craftItem.minecraft.diamond_axe":2,"stat.diveOneCm":27420,"stat.craftItem.minecraft.slime_ball":452,"stat.pickup.minecraft.wheat":823,"stat.pickup.tconstruct.tooltables":14,"stat.pickup.minecraft.sign":45,"stat.craftItem.minecraft.cooked_porkchop":3,"stat.useItem.bonsaitrees.bonsaipot":83,"stat.pickup.minecraft.obsidian":26,"stat.craftItem.rustic.cabinet":92,"stat.pickup.storagenetwork.kabel":38,"stat.craftItem.sky_orchards.sapling_coal":1,"stat.pickup.sky_orchards.resin_clay":408,"stat.drop.sky_orchards.amber_lead":1,"stat.jump":4787,"stat.pickup.minecraft.coal":36,"stat.pickup.minecraft.iron_ingot":88,"stat.useItem.pickletweaks.colored_cobblestone":115,"stat.craftItem.minecraft.lever":3,"stat.craftItem.minecraft.torch":92,"stat.mineBlock.sky_orchards.log_sand":54,"stat.pickup.minecraft.dirt":109,"stat.craftItem.sky_orchards.sapling_lapis":2,"stat.drop.ceramics.unfired_clay":1,"stat.pickup.sky_orchards.resin_bone":699,"stat.useItem.minecraft.sapling":3,"stat.mineBlock.sky_orchards.log_emerald":5,"stat.mineBlock.minecraft.glass_pane":3,"stat.damageTaken":1334,"stat.mineBlock.minecraft.torch":57,"stat.mineBlock.minecraft.red_flower":8,"stat.mineBlock.minecraft.melon_block":2,"stat.drop.sky_orchards.sapling_gravel":1,"stat.pickup.minecraft.log2":18,"stat.craftItem.sky_orchards.amber_lead":6,"stat.pickup.minecraft.bed":6,"stat.pickup.minecraft.potato":219,"stat.pickup.pickletweaks.colored_cobblestone":60,"stat.pickup.sky_orchards.sapling_clay":97,"stat.useItem.storagenetwork.storage_kabel":10,"stat.craftItem.horsepower.chopping_block":2,"stat.craftItem.minecraft.stone_slab":636,"stat.animalsBred":16,"stat.useItem.minecraft.chest":9,"stat.pickup.sky_orchards.sapling_bone":110,"stat.pickup.sky_orchards.leaves_sand":225,"stat.craftItem.morecauldrons.oak_cauldron":32,"stat.craftItem.sky_orchards.amber_silver":3,"stat.pickup.sky_orchards.sapling_donut":5,"stat.craftItem.rustic.crushing_tub":1,"stat.useItem.minecraft.item_frame":18,"stat.mineBlock.sky_orchards.leaves_lead":110,"stat.craftItem.storagenetwork.im_kabel":4,"stat.mineBlock.sky_orchards.log_diamond":9,"stat.pickup.cookingforblockheads.cow_jar":1,"stat.pickup.minecraft.baked_potato":39,"stat.pickup.slabmachines.crafting_station_slab":12,"stat.pickup.minecraft.cooked_beef":5,"stat.mineBlock.minecraft.glowstone":12,"stat.mobKills":18,"stat.mineBlock.sky_orchards.log_gold":4,"stat.useItem.minecraft.cobblestone_wall":121,"stat.mineBlock.tconstruct.wooden_hopper":1,"stat.pickup.minecraft.diamond":38,"stat.pickup.minecraft.beetroot_seeds":43,"stat.mineBlock.rustic.crushing_tub":5,"stat.pickup.minecraft.torch":132,"stat.mineBlock.tp.cobblegen_block":3,"stat.mineBlock.sky_orchards.log_petrified":43,"stat.useItem.fenceoverhaul.oak_overhauledfence":185,"stat.craftItem.sky_orchards.sapling_cottonwood":2,"stat.useItem.sky_orchards.sapling_cottonwood":1,"stat.pickup.inspirations.cactus_seeds":8,"stat.useItem.inspirations.potato_seeds":1,"stat.killEntity.Blaze":1,"stat.useItem.cyclicmagic.sprinkler":1,"stat.craftItem.storagenetwork.request":1,"stat.mineBlock.horsepower.chopping_block":2,"stat.pickup.minecraft.fishing_rod":6,"stat.pickup.sky_orchards.resin_lead":25,"stat.useItem.minecraft.planks":33,"stat.craftItem.sky_orchards.sapling_petrified":2,"stat.pickup.minecraft.glowstone_dust":30,"stat.useItem.morebuckets.obsidian_bucket":130,"stat.pickup.minecraft.porkchop":3,"stat.craftItem.xlfoodmod.donut":4,"stat.pickup.minecraft.glass":32,"stat.craftItem.horsepower.hand_grindstone":2,"stat.pickup.morebuckets.obsidian_bucket":11,"stat.drop.minecraft.poisonous_potato":1,"stat.pickup.minecraft.sand":12,"stat.useItem.inspirations.carrot_seeds":3,"stat.craftItem.minecraft.cobblestone_wall":240,"stat.craftItem.minecraft.stone_sword":1,"stat.mineBlock.minecraft.sand":5,"stat.pickup.storagenetwork.request":2,"stat.craftItem.minecraft.cooked_fish":2,"stat.useItem.minecraft.fence_gate":1,"stat.hopperInspected":43,"stat.pickup.resourcehogs.mud_bucket":1,"stat.pickup.tconstruct.slime_sapling":3,"stat.drop.minecraft.diamond":1,"stat.mineBlock.horsepower.hand_grindstone":1,"stat.drop.ceramics.clay_bucket":2,"stat.pickup.xlfoodmod.lettuce_seeds":41,"stat.mineBlock.sky_orchards.leaves_gold":27,"stat.craftItem.xlfoodmod.dough":16,"stat.craftItem.tcomplement.porcelain_casting":4,"stat.craftItem.minecraft.sand":207,"stat.craftItem.minecraft.fence_gate":2,"stat.pickup.minecraft.pumpkin_seeds":8,"stat.pickup.tconstruct.slime_dirt":3,"stat.craftItem.chisel.chisel_diamond":1,"stat.useItem.minecraft.hopper":10,"stat.craftItem.xlfoodmod.lettuce_seeds":3,"stat.playOneMinute":1084382,"stat.pickup.tconstruct.rack":97,"stat.useItem.sky_orchards.acorn_dirt":1,"stat.mineBlock.storagenetwork.request":2,"stat.drop.sky_orchards.sapling_gold":1,"stat.pickup.minecraft.netherrack":376,"stat.craftItem.morebuckets.obsidian_bucket":3,"stat.useItem.slabmachines.crafting_station_slab":2,"stat.craftItem.minecraft.carpet":6,"stat.craftItem.tp.cobblegen_block":2,"stat.mineBlock.minecraft.netherrack":107,"stat.pickup.sky_orchards.amber_cottonwood":120,"stat.craftItem.storagenetwork.kabel":88,"stat.pickup.sky_orchards.acorn_petrified":177,"stat.craftItem.sky_orchards.sapling_diamond":2,"stat.useItem.inspirations.wooden_crook":845,"stat.pickup.sky_orchards.resin_sand":1269,"stat.pickup.rustic.leaves_apple":24,"stat.pickup.sky_orchards.resin_gold":7,"stat.fallOneCm":274200,"stat.pickup.sky_orchards.leaves_bone":309,"stat.drop.minecraft.dye":3,"stat.craftItem.tconstruct.wooden_hopper":3,"stat.useItem.horsepower.chopping_block":1,"stat.pickup.minecraft.melon_seeds":44,"stat.craftItem.minecraft.chest":129,"stat.pickup.minecraft.melon":8,"stat.mineBlock.sky_orchards.leaves_sand":236,"stat.pickup.minecraft.milk_bucket":1,"stat.pickup.sky_orchards.sapling_sand":186,"stat.pickup.sky_orchards.resin_tin":13,"stat.mineBlock.fenceoverhaul.oak_overhauledfence":5,"stat.drop.minecraft.bone":5,"stat.pickup.sky_orchards.leaves_redstone":393,"stat.craftItem.tconstruct.materials":1,"stat.pickup.storagenetwork.master":2,"stat.pickup.sky_orchards.sapling_gold":5,"stat.pickup.slabmachines.furnace_slab":17,"stat.mineBlock.sky_orchards.sapling_petrified":3,"stat.useItem.minecraft.stone_sword":28,"stat.mineBlock.sky_orchards.log_bone":21,"stat.drop.pickletweaks.diamond_paxel":1,"stat.useItem.pickletweaks.diamond_paxel":393,"stat.craftItem.sky_orchards.amber_tin":2,"stat.craftItem.integrateddynamics.squeezer":1,"stat.useItem.minecraft.torch":125,"stat.mineBlock.sky_orchards.sapling_dirt":2,"stat.pickup.sky_orchards.leaves_clay":135,"stat.craftItem.minecraft.redstone_block":22,"stat.useItem.minecraft.log":41,"stat.pickup.sky_orchards.acorn_gold":236,"stat.craftItem.minecraft.crafting_table":15,"stat.mineBlock.storagenetwork.master":2,"stat.craftItem.ceramics.clay_bucket":4,"stat.pickup.minecraft.log":21765,"stat.pickup.sky_orchards.acorn_sand":2506,"stat.pickup.sky_orchards.amber_tin":1,"stat.pickup.minecraft.sapling":161,"stat.pickup.minecraft.beetroot":35,"stat.mineBlock.chineseworkshop.thin_wall_w":16,"stat.killEntity.rogue_android":1,"stat.useItem.pickletweaks.wooden_paxel":61,"stat.mineBlock.sky_orchards.log_clay":65,"stat.useItem.minecraft.stone_hoe":192,"stat.useItem.inspirations.bone_crook":1289,"stat.pickup.sky_orchards.acorn_lapis":394,"stat.craftItem.minecraft.sugar":6,"stat.useItem.minecraft.beetroot_seeds":2,"stat.useItem.sky_orchards.sapling_coal":1,"stat.drop.sky_orchards.sapling_bacon":1,"stat.sneakTime":70839,"stat.mineBlock.minecraft.cobblestone_wall":20,"stat.pickup.sky_orchards.sapling_diamond":39,"stat.drop.minecraft.bucket":1,"stat.useItem.minecraft.baked_potato":87,"stat.pickup.minecraft.stone_slab":884,"stat.pickup.minecraft.yellow_flower":20,"stat.pickup.cyclicmagic.block_fragile_weak":900,"stat.drop.tconstruct.slime_dirt":1,"stat.useItem.sky_orchards.sapling_dirt":19,"stat.useItem.minecraft.fishing_rod":3,"stat.pickup.minecraft.chest":156,"stat.drop.sky_orchards.sapling_lead":1,"stat.craftItem.minecraft.diamond_chestplate":1,"stat.pickup.minecraft.bone":40,"stat.craftItem.ceramics.unfired_clay":348,"stat.mineBlock.sky_orchards.leaves_gravel":164,"stat.craftItem.minecraft.bone":132,"stat.mineBlock.sky_orchards.leaves_silver":52,"stat.pickup.sky_orchards.resin_dirt":768,"stat.craftItem.minecraft.diamond_helmet":1,"stat.craftItem.sky_orchards.amber_iron":240,"stat.craftItem.inspirations.bone_crook":4,"stat.swimOneCm":20542,"stat.useItem.sky_orchards.sapling_lapis":1,"stat.pickup.tconstruct.slime_leaves":9,"stat.craftItem.inspirations.stone_crook":2,"stat.useItem.sky_orchards.sapling_bone":4,"stat.useItem.minecraft.dirt":282,"stat.pickup.tp.watering_can":1,"stat.useItem.storagenetwork.remote":2,"stat.craftItem.minecraft.bone_block":96,"stat.craftItem.sky_orchards.sapling_bone":2,"stat.craftItem.extendedcrafting.handheld_table":2,"stat.pickup.minecraft.anvil":1,"stat.craftItem.minecraft.trapdoor":92,"stat.craftItem.minecraft.stone_pickaxe":1,"stat.pickup.minecraft.cobblestone":1498,"stat.mineBlock.minecraft.carpet":3,"stat.craftItem.minecraft.glass_bottle":6,"stat.pickup.minecraft.clay":40,"stat.pickup.minecraft.glass_bottle":9,"stat.pickup.sky_orchards.sapling_lead":15,"stat.pickup.sky_orchards.resin_coal":521,"stat.craftItem.minecraft.wooden_slab":1818,"stat.pickup.minecraft.cactus":312,"stat.pickup.sky_orchards.sapling_petrified":143,"stat.pickup.minecraft.redstone":442,"stat.drop.horsepower.chopping_block":1,"stat.mineBlock.sky_orchards.leaves_cottonwood":112,"stat.useItem.minecraft.sign":2,"stat.craftItem.minecraft.cake":2,"stat.pickup.minecraft.wooden_axe":1,"stat.pickup.sky_orchards.leaves_diamond":103,"stat.pickup.chisel.chisel_diamond":2,"stat.useItem.sky_orchards.sapling_clay":9,"stat.pickup.minecraft.trapdoor":11,"stat.pickup.minecraft.carpet":9,"stat.mineBlock.cyclicmagic.block_fragile_weak":91,"stat.mineBlock.storagenetwork.storage_kabel":7,"stat.craftItem.tconstruct.soil":1,"stat.pickup.xlfoodmod.corn_seeds":214,"stat.mineBlock.sky_orchards.leaves_clay":90,"stat.craftItem.minecraft.stone_slab2":0,"stat.pickup.sky_orchards.sapling_cottonwood":85,"stat.mineBlock.rustic.cabinet":42,"stat.mineBlock.tcomplement.porcelain_melter":1,"stat.craftItem.minecraft.stick":296,"stat.useItem.minecraft.stone_slab":203,"stat.craftItem.minecraft.stone":120,"stat.pickup.minecraft.grass":195,"stat.useItem.pickletweaks.stone_paxel":462,"stat.useItem.minecraft.carrot":36,"stat.craftItem.animalcrops.seeds":2,"stat.craftItem.minecraft.clay_ball":280,"stat.pickup.sky_orchards.amber_silver":6,"stat.mineBlock.minecraft.planks":35,"stat.drop":42,"stat.craftItem.sky_orchards.sapling_clay":4,"stat.mineBlock.rustic.leaves_apple":25,"stat.pickup.rustic.cabinet":236,"stat.craftItem.minecraft.diamond_pickaxe":2,"stat.useItem.minecraft.melon_seeds":3,"stat.craftItem.pickletweaks.diamond_paxel":2,"stat.craftItem.minecraft.clay":91,"stat.pickup.sky_orchards.acorn_cottonwood":694,"stat.craftItem.minecraft.piston":1,"stat.mineBlock.sky_orchards.leaves_bone":217,"stat.useItem.minecraft.glass_bottle":3,"stat.pickup.sky_orchards.amber_lead":4,"stat.mineBlock.minecraft.anvil":1,"stat.pickup.morecauldrons.cobble_cauldron":3,"stat.useItem.minecraft.carpet":4,"stat.useItem.minecraft.potion":2,"stat.pickup.minecraft.brick":45,"stat.pickup.sky_orchards.leaves_iron":136,"stat.pickup.sky_orchards.acorn_tin":24,"stat.craftItem.tconstruct.rack":39,"stat.pickup.minecraft.fence":576,"stat.useItem.tconstruct.tooltables":7,"stat.pickup.sky_orchards.sapling_redstone":58,"stat.craftItem.bonsaitrees.bonsaipot":57,"stat.craftItem.minecraft.bread":8,"stat.pickup.farmingforblockheads.market":2,"stat.useItem.cyclicmagic.block_fragile_weak":42,"stat.pickup.tconstruct.slime_congealed":5,"stat.pickup.tcomplement.porcelain_tank":1,"stat.pickup.sky_orchards.leaves_cottonwood":543,"stat.pickup.inspirations.sugar_cane_seeds":180,"stat.mineBlock.tconstruct.tooltables":9,"stat.pickup.minecraft.leaves":127,"stat.mineBlock.minecraft.leaves2":16,"stat.mineBlock.sky_orchards.log_lapis":4,"stat.pickup.minecraft.leather":18,"stat.mineBlock.minecraft.furnace":1,"stat.pickup.minecraft.reeds":1398,"stat.craftItem.slabmachines.crafting_station_slab":6,"stat.drop.tp.watering_can":1,"stat.mineBlock.sky_orchards.log_redstone":6,"stat.pickup.storagenetwork.storage_kabel":132,"stat.craftItem.minecraft.glass":92,"stat.damageDealt":2129,"stat.pickup.snad.snad":5,"stat.craftItem.minecraft.baked_potato":111,"stat.mineBlock.sky_orchards.log_iron":5,"stat.killEntity.Cow":14,"stat.killEntity.Pig":2,"stat.useItem.bdsandm.wood_barrel":2,"stat.pickup.sky_orchards.acorn_bone":969,"stat.craftItem.minecraft.stone_shovel":1,"stat.mineBlock.integrateddynamics.squeezer":1,"stat.walkOneCm":3125472,"stat.pickup.ceramics.clay_bucket":10,"stat.drop.resourcehogs.mud_bucket":1,"stat.pickup.minecraft.stick":8440,"stat.craftItem.sky_orchards.sapling_bacon":1,"stat.mineBlock.compactstorage.compactchest":7,"stat.pickup.minecraft.clay_ball":94,"stat.craftItem.inspirations.wooden_crook":17,"stat.pickup.sky_orchards.acorn_clay":448,"stat.pickup.rustic.apple_seeds":1,"stat.mineBlock.sky_orchards.log_silver":6,"stat.pickup.sky_orchards.acorn_emerald":6,"stat.craftItem.ceramics.faucet":2,"stat.mineBlock.sky_orchards.log_gravel":12,"stat.craftItem.minecraft.diamond_boots":1,"stat.pickup.sky_orchards.acorn_gravel":1576,"stat.drop.sky_orchards.sapling_coal":1,"stat.pickup.sky_orchards.acorn_silver":4,"stat.craftItem.minecraft.redstone":198,"stat.pickup.sky_orchards.sapling_gravel":65,"stat.drop.sky_orchards.sapling_diamond":1,"stat.mineBlock.cyclicmagic.sprinkler":3,"stat.pickup.minecraft.gold_ingot":104,"stat.pickup.sky_orchards.sapling_silver":10,"stat.mineBlock.minecraft.cactus":1,"stat.craftItem.sky_orchards.amber_cottonwood":64,"stat.mineBlock.minecraft.quartz_ore":22,"stat.pickup.minecraft.bread":20,"stat.mineBlock.tcomplement.porcelain_casting":1,"stat.pickup.minecraft.quartz":19,"stat.craftItem.minecraft.fence":531,"stat.pickup.minecraft.water_bucket":6,"stat.mineBlock.minecraft.leaves":134,"stat.craftItem.slabmachines.furnace_slab":19,"stat.pickup.sky_orchards.leaves_tin":10,"stat.craftItem.sky_orchards.amber_nickel":1,"stat.craftItem.pickletweaks.wooden_paxel":5,"stat.pickup.chineseworkshop.thin_wall_w":229,"stat.craftItem.minecraft.brick":98,"stat.mineBlock.minecraft.stone":2,"stat.pickup.xlfoodmod.donut":4}