{"stat.mineBlock.sky_orchards.log_coal":7,"stat.pickup.minecraft.wooden_slab":182,"stat.pickup.fenceoverhaul.oak_overhauledfence":6,"stat.leaveGame":5,"stat.pickup.tconstruct.edible":1,"stat.pickup.rustic.crushing_tub":1,"stat.useItem.minecraft.planks":11,"stat.mineBlock.sky_orchards.leaves_tin":56,"stat.useItem.morebuckets.obsidian_bucket":19,"stat.mineBlock.sky_orchards.log_dirt":42,"stat.drop.sky_orchards.sapling_redstone":1,"stat.pickup.sky_orchards.sapling_dirt":84,"stat.drop.sky_orchards.amber_silver":1,"stat.pickup.uppers.upper":1,"stat.craftItem.minecraft.stone_axe":7,"stat.pickup.minecraft.bucket":1,"stat.mineBlock.minecraft.wooden_slab":39,"stat.craftItem.minecraft.cobblestone_wall":42,"stat.pickup.sky_orchards.resin_petrified":162,"stat.hopperInspected":9,"stat.useItem.minecraft.fence_gate":1,"stat.pickup.resourcehogs.mud_bucket":1,"stat.pickup.tconstruct.slime_sapling":1,"stat.craftItem.minecraft.wooden_pickaxe":1,"stat.craftItem.minecraft.bed":2,"stat.drop.sky_orchards.sapling_iron":1,"stat.pickup.tcomplement.porcelain_melter":1,"stat.pickup.resourcehogs.truffle":3,"stat.drop.ceramics.clay_bucket":2,"stat.furnaceInteraction":83,"stat.pickup.xlfoodmod.lettuce_seeds":1,"stat.craftItem.sky_orchards.acorn_dirt":2,"stat.pickup.minecraft.fence_gate":1,"stat.craftItem.xlfoodmod.dough":16,"stat.pickup.sky_orchards.acorn_coal":4,"stat.pickup.minecraft.furnace":1,"stat.drop.tcomplement.materials":1,"stat.drop.sky_orchards.acorn_dirt":3,"stat.pickup.sky_orchards.acorn_dirt":121,"stat.pickup.sky_orchards.sapling_coal":3,"stat.useItem.minecraft.fence":30,"stat.pickup.ceramics.unfired_clay":1,"stat.drop.chineseworkshop.thin_wall_w":1,"stat.mineBlock.minecraft.fence":9,"stat.craftItem.minecraft.sand":2,"stat.craftItem.minecraft.fence_gate":2,"stat.mineBlock.sky_orchards.log_tin":4,"stat.pickup.tconstruct.slime_dirt":1,"stat.useItem.minecraft.dye":16,"stat.pickup.horsepower.chopping_block":1,"stat.pickup.sky_orchards.leaves_dirt":25,"stat.playOneMinute":368589,"stat.pickup.tconstruct.rack":11,"stat.useItem.sky_orchards.acorn_dirt":1,"stat.pickup.sky_orchards.sapling_lapis":7,"stat.pickup.minecraft.item_frame":1,"stat.drop.minecraft.chest":2,"stat.drop.minecraft.torch":5,"stat.mineBlock.minecraft.tallgrass":94,"stat.drop.sky_orchards.sapling_gold":1,"stat.craftItem.morebuckets.obsidian_bucket":1,"stat.chestOpened":179,"stat.useItem.sky_orchards.acorn_petrified":35,"stat.craftItem.minecraft.sign":18,"stat.drop.sky_orchards.amber_tin":1,"stat.craftItem.tp.cobblegen_block":2,"stat.pickup.sky_orchards.resin_redstone":7,"stat.pickup.sky_orchards.acorn_petrified":184,"stat.mineBlock.sky_orchards.leaves_iron":56,"stat.craftItem.snad.snad":1,"stat.useItem.inspirations.wooden_crook":1584,"stat.pickup.sky_orchards.resin_sand":7,"stat.craftItem.minecraft.coal":26,"stat.pickup.rustic.leaves_apple":3,"stat.fallOneCm":18979,"stat.pickup.sky_orchards.leaves_bone":11,"stat.pickup.minecraft.carrot":122,"stat.pickup.minecraft.melon_seeds":3,"stat.crouchOneCm":165161,"stat.mineBlock.minecraft.chest":3,"stat.craftItem.minecraft.chest":9,"stat.craftItem.minecraft.iron_ingot":9,"stat.pickup.bonsaitrees.bonsaipot":7,"stat.pickup.sky_orchards.resin_lapis":6,"stat.craftItem.minecraft.hopper":2,"stat.pickup.sky_orchards.sapling_sand":2,"stat.mineBlock.tconstruct.rack":12,"stat.pickup.sky_orchards.sapling_tin":8,"stat.pickup.sky_orchards.acorn_redstone":7,"stat.pickup.sky_orchards.resin_tin":6,"stat.mineBlock.minecraft.log2":8,"stat.mineBlock.fenceoverhaul.oak_overhauledfence":3,"stat.useItem.minecraft.reeds":1,"stat.pickup.minecraft.dye":2,"stat.pickup.minecraft.planks":13,"stat.pickup.sky_orchards.resin_iron":93,"stat.pickup.sky_orchards.sapling_gold":2,"stat.pickup.minecraft.wheat_seeds":27,"stat.mineBlock.sky_orchards.sapling_petrified":1,"stat.useItem.minecraft.stone_pickaxe":2,"stat.drop.minecraft.fence_gate":1,"stat.mineBlock.minecraft.dirt":25,"stat.pickup.sky_orchards.acorn_iron":128,"stat.drop.advancementbook.advancement_book":1,"stat.drop.sky_orchards.acorn_sand":8,"stat.mineBlock.sky_orchards.leaves_lapis":64,"stat.useItem.minecraft.torch":91,"stat.useItem.minecraft.bread":3,"stat.pickup.sky_orchards.sapling_iron":21,"stat.mineBlock.sky_orchards.sapling_dirt":10,"stat.pickup.sky_orchards.leaves_clay":28,"stat.pickup.inspirations.carrot_seeds":2,"stat.pickup.advancementbook.advancement_book":1,"stat.useItem.minecraft.log":1,"stat.useItem.minecraft.cobblestone":30,"stat.craftItem.ceramics.clay_bucket":3,"stat.pickup.minecraft.log":760,"stat.craftItem.tp.wooden_shears":1,"stat.drop.sky_orchards.acorn_gravel":10,"stat.pickup.sky_orchards.resin_gravel":23,"stat.drop.minecraft.planks":2,"stat.pickup.sky_orchards.acorn_sand":15,"stat.pickup.sky_orchards.amber_tin":2,"stat.pickup.minecraft.sapling":20,"stat.pickup.minecraft.apple":6,"stat.mineBlock.sky_orchards.sapling_silver":1,"stat.craftItem.minecraft.planks":323,"stat.mineBlock.chineseworkshop.thin_wall_w":1,"stat.craftItem.minecraft.dirt":36,"stat.pickup.morecauldrons.oak_cauldron":2,"stat.craftItem.sky_orchards.acorn_petrified":56,"stat.pickup.sky_orchards.leaves_petrified":46,"stat.mineBlock.minecraft.log":2,"stat.mineBlock.sky_orchards.log_clay":37,"stat.pickup.rustic.sapling_apple":6,"stat.useItem.inspirations.bone_crook":177,"stat.pickup.sky_orchards.acorn_lapis":5,"stat.pickup.minecraft.red_flower":4,"stat.sneakTime":50486,"stat.pickup.sky_orchards.sapling_diamond":1,"stat.drop.minecraft.bucket":1,"stat.useItem.minecraft.wooden_axe":178,"stat.pickup.minecraft.yellow_flower":7,"stat.craftItem.minecraft.cobblestone":5,"stat.useItem.sky_orchards.sapling_dirt":9,"stat.drop.minecraft.wooden_axe":3,"stat.pickup.minecraft.chest":5,"stat.pickup.minecraft.bone":5,"stat.craftItem.ceramics.unfired_clay":5,"stat.drop.tconstruct.slime_sapling":1,"stat.mineBlock.minecraft.yellow_flower":5,"stat.pickup.sky_orchards.resin_dirt":130,"stat.pickup.sky_orchards.amber_gold":1,"stat.craftItem.minecraft.wool":6,"stat.pickup.pickletweaks.coal_piece":1,"stat.craftItem.sky_orchards.amber_iron":21,"stat.craftItem.inspirations.bone_crook":1,"stat.swimOneCm":22452,"stat.mineBlock.morecauldrons.oak_cauldron":2,"stat.craftItem.inspirations.stone_crook":2,"stat.mineBlock.sky_orchards.leaves_redstone":43,"stat.useItem.minecraft.dirt":137,"stat.useItem.minecraft.stone_slab2":78,"stat.drop.sky_orchards.acorn_lapis":1,"stat.craftItem.pickletweaks.stone_paxel":2,"stat.craftItem.minecraft.furnace":2,"stat.pickup.tp.watering_can":1,"stat.pickup.tp.cobblegen_block":1,"stat.craftItem.minecraft.stone_pickaxe":4,"stat.mineBlock.sky_orchards.leaves_dirt":556,"stat.pickup.minecraft.cobblestone":4,"stat.mineBlock.minecraft.clay":1,"stat.useItem.minecraft.stone_shovel":21,"stat.flyOneCm":97593,"stat.mineBlock.sky_orchards.leaves_coal":59,"stat.pickup.sky_orchards.sapling_lead":1,"stat.pickup.sky_orchards.resin_coal":10,"stat.craftItem.minecraft.wooden_slab":216,"stat.pickup.minecraft.cactus":44,"stat.pickup.sky_orchards.sapling_petrified":79,"stat.timeSinceDeath":368589,"stat.useItem.rustic.cabinet":13,"stat.drop.minecraft.log":5,"stat.useItem.minecraft.sign":9,"stat.useItem.minecraft.wooden_slab":294,"stat.pickup.minecraft.wooden_axe":2,"stat.useItem.sky_orchards.sapling_clay":10,"stat.useItem.tconstruct.rack":1,"stat.pickup.pickletweaks.diamond_paxel":1,"stat.mineBlock.sky_orchards.leaves_clay":584,"stat.drop.sky_orchards.acorn_petrified":1,"stat.craftItem.minecraft.stone_slab2":0,"stat.drop.minecraft.obsidian":1,"stat.craftItem.tconstruct.stone_stick":8,"stat.useItem.sky_orchards.sapling_petrified":4,"stat.mineBlock.rustic.cabinet":15,"stat.pickup.sky_orchards.sapling_bacon":1,"stat.sprintOneCm":507184,"stat.craftItem.minecraft.stick":76,"stat.craftItem.minecraft.wooden_axe":10,"stat.mineBlock.sky_orchards.leaves_petrified":450,"stat.pickup.minecraft.grass":1,"stat.pickup.sky_orchards.leaves_gravel":15,"stat.useItem.minecraft.carrot":41,"stat.drop.tcomplement.porcelain_tank":1,"stat.craftItem.animalcrops.seeds":7,"stat.pickup.sky_orchards.amber_silver":1,"stat.mineBlock.minecraft.planks":12,"stat.drop":63,"stat.mineBlock.rustic.leaves_apple":27,"stat.pickup.rustic.cabinet":14,"stat.drop.tcomplement.porcelain_melter":1,"stat.mineBlock.bonsaitrees.bonsaipot":7,"stat.craftItem.minecraft.dye":3,"stat.useItem.animalcrops.seeds":2,"stat.craftItem.minecraft.clay":1,"stat.diveOneCm":50663,"stat.pickup.minecraft.wheat":2,"stat.useItem.inspirations.stone_crook":222,"stat.pickup.tconstruct.tooltables":2,"stat.pickup.minecraft.sign":8,"stat.pickup.sky_orchards.amber_lead":1,"stat.useItem.bonsaitrees.bonsaipot":2,"stat.useItem.minecraft.apple":5,"stat.pickup.minecraft.obsidian":1,"stat.pickup.sky_orchards.resin_clay":116,"stat.pickup.sky_orchards.leaves_iron":28,"stat.jump":645,"stat.pickup.sky_orchards.acorn_tin":6,"stat.craftItem.tconstruct.rack":5,"stat.pickup.minecraft.fence":9,"stat.pickup.minecraft.coal":1,"stat.pickup.minecraft.iron_ingot":6,"stat.pickup.sky_orchards.sapling_redstone":2,"stat.craftItem.bonsaitrees.bonsaipot":1,"stat.useItem.minecraft.stone_axe":54,"stat.craftItem.minecraft.torch":80,"stat.pickup.minecraft.dirt":39,"stat.drop.ceramics.unfired_clay":1,"stat.pickup.sky_orchards.resin_bone":25,"stat.pickup.tcomplement.porcelain_tank":1,"stat.pickup.inspirations.sugar_cane_seeds":13,"stat.mineBlock.tconstruct.tooltables":1,"stat.pickup.minecraft.leaves":7,"stat.mineBlock.minecraft.leaves2":71,"stat.mineBlock.sky_orchards.log_lapis":4,"stat.damageTaken":180,"stat.drop.sky_orchards.leaves_clay":2,"stat.mineBlock.minecraft.torch":51,"stat.mineBlock.minecraft.furnace":1,"stat.mineBlock.minecraft.red_flower":2,"stat.useItem.minecraft.wooden_pickaxe":1,"stat.drop.minecraft.water_bucket":1,"stat.pickup.minecraft.log2":21,"stat.pickup.minecraft.reeds":37,"stat.pickup.minecraft.bed":1,"stat.drop.tp.watering_can":1,"stat.mineBlock.sky_orchards.log_redstone":5,"stat.mineBlock.minecraft.fence_gate":1,"stat.pickup.sky_orchards.sapling_clay":89,"stat.craftItem.minecraft.glass":1,"stat.damageDealt":3,"stat.craftItem.resourcehogs.mud_bucket":2,"stat.pickup.sky_orchards.acorn_bone":23,"stat.craftItem.minecraft.stone_shovel":3,"stat.walkOneCm":866227,"stat.pickup.ceramics.clay_bucket":4,"stat.animalsBred":2,"stat.useItem.minecraft.chest":3,"stat.drop.resourcehogs.mud_bucket":1,"stat.pickup.minecraft.stick":325,"stat.pickup.sky_orchards.sapling_bone":6,"stat.pickup.minecraft.clay_ball":4,"stat.craftItem.inspirations.wooden_crook":17,"stat.pickup.sky_orchards.acorn_clay":137,"stat.pickup.sky_orchards.sapling_donut":1,"stat.pickup.sky_orchards.acorn_gravel":52,"stat.pickup.slabmachines.crafting_station_slab":1,"stat.pickup.sky_orchards.sapling_gravel":3,"stat.useItem.minecraft.cactus":1,"stat.drop.sky_orchards.sapling_diamond":1,"stat.pickup.sky_orchards.sapling_silver":1,"stat.craftItem.tp.watering_can":2,"stat.mineBlock.minecraft.cactus":1,"stat.craftItem.minecraft.fence":30,"stat.useItem.minecraft.cobblestone_wall":26,"stat.pickup.minecraft.diamond":1,"stat.pickup.minecraft.beetroot_seeds":2,"stat.mineBlock.minecraft.leaves":33,"stat.mineBlock.rustic.crushing_tub":1,"stat.pickup.minecraft.torch":54,"stat.pickup.chineseworkshop.thin_wall_w":1,"stat.mineBlock.tp.cobblegen_block":1,"stat.craftItem.tcomplement.materials":1,"stat.craftItem.minecraft.brick":57,"stat.mineBlock.sky_orchards.log_petrified":39,"stat.useItem.fenceoverhaul.oak_overhauledfence":4}