{"stat.mineBlock.sky_orchards.log_coal":7,"stat.pickup.minecraft.bone":5,"stat.pickup.minecraft.wooden_slab":182,"stat.craftItem.ceramics.unfired_clay":5,"stat.pickup.fenceoverhaul.oak_overhauledfence":3,"stat.leaveGame":3,"stat.drop.tconstruct.slime_sapling":1,"stat.mineBlock.minecraft.yellow_flower":4,"stat.pickup.sky_orchards.resin_dirt":130,"stat.craftItem.minecraft.wool":6,"stat.pickup.pickletweaks.coal_piece":1,"stat.craftItem.sky_orchards.amber_iron":4,"stat.craftItem.inspirations.bone_crook":1,"stat.swimOneCm":22364,"stat.pickup.rustic.crushing_tub":1,"stat.useItem.minecraft.planks":11,"stat.mineBlock.sky_orchards.leaves_tin":56,"stat.useItem.morebuckets.obsidian_bucket":11,"stat.mineBlock.morecauldrons.oak_cauldron":2,"stat.mineBlock.sky_orchards.log_dirt":42,"stat.craftItem.inspirations.stone_crook":2,"stat.drop.sky_orchards.sapling_redstone":1,"stat.mineBlock.sky_orchards.leaves_redstone":43,"stat.useItem.minecraft.dirt":130,"stat.useItem.minecraft.stone_slab2":65,"stat.drop.sky_orchards.acorn_lapis":1,"stat.craftItem.minecraft.furnace":2,"stat.pickup.sky_orchards.sapling_dirt":84,"stat.craftItem.minecraft.stone_axe":2,"stat.pickup.tp.cobblegen_block":1,"stat.pickup.minecraft.bucket":1,"stat.craftItem.minecraft.stone_pickaxe":2,"stat.mineBlock.sky_orchards.leaves_dirt":556,"stat.pickup.minecraft.cobblestone":4,"stat.mineBlock.minecraft.wooden_slab":39,"stat.craftItem.minecraft.cobblestone_wall":42,"stat.mineBlock.minecraft.clay":1,"stat.useItem.minecraft.stone_shovel":20,"stat.flyOneCm":60879,"stat.mineBlock.sky_orchards.leaves_coal":59,"stat.pickup.sky_orchards.resin_coal":10,"stat.craftItem.minecraft.wooden_slab":216,"stat.pickup.sky_orchards.resin_petrified":162,"stat.pickup.minecraft.cactus":9,"stat.pickup.sky_orchards.sapling_petrified":79,"stat.timeSinceDeath":291771,"stat.useItem.rustic.cabinet":13,"stat.hopperInspected":4,"stat.drop.minecraft.log":5,"stat.useItem.minecraft.sign":9,"stat.pickup.tconstruct.slime_sapling":1,"stat.useItem.minecraft.wooden_slab":292,"stat.craftItem.minecraft.wooden_pickaxe":1,"stat.craftItem.minecraft.bed":2,"stat.drop.sky_orchards.sapling_iron":1,"stat.pickup.tcomplement.porcelain_melter":1,"stat.pickup.minecraft.wooden_axe":2,"stat.drop.ceramics.clay_bucket":2,"stat.furnaceInteraction":68,"stat.useItem.sky_orchards.sapling_clay":10,"stat.useItem.tconstruct.rack":1,"stat.craftItem.sky_orchards.acorn_dirt":2,"stat.pickup.sky_orchards.acorn_coal":4,"stat.pickup.minecraft.furnace":1,"stat.mineBlock.sky_orchards.leaves_clay":584,"stat.drop.sky_orchards.acorn_petrified":1,"stat.craftItem.minecraft.stone_slab2":0,"stat.drop.minecraft.obsidian":1,"stat.craftItem.tconstruct.stone_stick":8,"stat.useItem.sky_orchards.sapling_petrified":4,"stat.drop.sky_orchards.acorn_dirt":3,"stat.mineBlock.rustic.cabinet":15,"stat.pickup.sky_orchards.acorn_dirt":121,"stat.sprintOneCm":326967,"stat.pickup.sky_orchards.sapling_coal":3,"stat.craftItem.minecraft.stick":76,"stat.craftItem.minecraft.wooden_axe":10,"stat.pickup.ceramics.unfired_clay":1,"stat.drop.chineseworkshop.thin_wall_w":1,"stat.mineBlock.sky_orchards.leaves_petrified":450,"stat.craftItem.minecraft.sand":2,"stat.pickup.sky_orchards.leaves_gravel":15,"stat.mineBlock.sky_orchards.log_tin":4,"stat.pickup.tconstruct.slime_dirt":1,"stat.drop.tcomplement.porcelain_tank":1,"stat.craftItem.animalcrops.seeds":3,"stat.mineBlock.minecraft.planks":12,"stat.drop":55,"stat.pickup.sky_orchards.leaves_dirt":25,"stat.playOneMinute":291771,"stat.pickup.tconstruct.rack":11,"stat.mineBlock.rustic.leaves_apple":27,"stat.pickup.rustic.cabinet":14,"stat.drop.tcomplement.porcelain_melter":1,"stat.useItem.sky_orchards.acorn_dirt":1,"stat.pickup.sky_orchards.sapling_lapis":7,"stat.mineBlock.bonsaitrees.bonsaipot":6,"stat.pickup.minecraft.item_frame":1,"stat.drop.minecraft.chest":2,"stat.craftItem.minecraft.dye":3,"stat.drop.minecraft.torch":5,"stat.craftItem.minecraft.clay":1,"stat.mineBlock.minecraft.tallgrass":73,"stat.diveOneCm":50663,"stat.craftItem.morebuckets.obsidian_bucket":1,"stat.chestOpened":154,"stat.useItem.inspirations.stone_crook":222,"stat.pickup.tconstruct.tooltables":2,"stat.useItem.sky_orchards.acorn_petrified":35,"stat.craftItem.minecraft.sign":18,"stat.pickup.minecraft.sign":8,"stat.drop.sky_orchards.amber_tin":1,"stat.craftItem.tp.cobblegen_block":2,"stat.pickup.sky_orchards.resin_redstone":7,"stat.pickup.sky_orchards.acorn_petrified":184,"stat.useItem.bonsaitrees.bonsaipot":2,"stat.useItem.minecraft.apple":2,"stat.pickup.minecraft.obsidian":1,"stat.mineBlock.sky_orchards.leaves_iron":56,"stat.craftItem.snad.snad":1,"stat.useItem.inspirations.wooden_crook":1584,"stat.pickup.sky_orchards.resin_sand":7,"stat.craftItem.minecraft.coal":26,"stat.pickup.sky_orchards.resin_clay":116,"stat.pickup.rustic.leaves_apple":3,"stat.pickup.sky_orchards.leaves_iron":3,"stat.jump":498,"stat.pickup.sky_orchards.acorn_tin":6,"stat.craftItem.tconstruct.rack":5,"stat.pickup.minecraft.coal":1,"stat.fallOneCm":13127,"stat.pickup.minecraft.iron_ingot":6,"stat.pickup.sky_orchards.leaves_bone":11,"stat.pickup.sky_orchards.sapling_redstone":2,"stat.useItem.minecraft.stone_axe":42,"stat.pickup.minecraft.melon_seeds":2,"stat.crouchOneCm":161756,"stat.mineBlock.minecraft.chest":3,"stat.craftItem.minecraft.torch":80,"stat.craftItem.minecraft.chest":5,"stat.pickup.minecraft.dirt":31,"stat.pickup.bonsaitrees.bonsaipot":6,"stat.pickup.sky_orchards.resin_lapis":6,"stat.drop.ceramics.unfired_clay":1,"stat.pickup.sky_orchards.resin_bone":25,"stat.pickup.tcomplement.porcelain_tank":1,"stat.pickup.sky_orchards.sapling_sand":2,"stat.mineBlock.tconstruct.rack":12,"stat.pickup.inspirations.sugar_cane_seeds":13,"stat.mineBlock.tconstruct.tooltables":1,"stat.pickup.minecraft.leaves":7,"stat.pickup.sky_orchards.sapling_tin":8,"stat.pickup.sky_orchards.acorn_redstone":7,"stat.mineBlock.minecraft.leaves2":71,"stat.pickup.sky_orchards.resin_tin":6,"stat.mineBlock.minecraft.log2":8,"stat.mineBlock.sky_orchards.log_lapis":4,"stat.damageTaken":180,"stat.drop.sky_orchards.leaves_clay":2,"stat.mineBlock.minecraft.torch":45,"stat.mineBlock.minecraft.furnace":1,"stat.useItem.minecraft.wooden_pickaxe":1,"stat.pickup.minecraft.log2":21,"stat.pickup.minecraft.dye":2,"stat.pickup.minecraft.planks":13,"stat.pickup.sky_orchards.resin_iron":20,"stat.pickup.minecraft.bed":1,"stat.mineBlock.sky_orchards.log_redstone":5,"stat.pickup.minecraft.wheat_seeds":1,"stat.mineBlock.sky_orchards.sapling_petrified":1,"stat.useItem.minecraft.stone_pickaxe":1,"stat.pickup.sky_orchards.sapling_clay":89,"stat.craftItem.minecraft.glass":1,"stat.damageDealt":3,"stat.mineBlock.minecraft.dirt":23,"stat.pickup.sky_orchards.acorn_iron":26,"stat.drop.advancementbook.advancement_book":1,"stat.pickup.sky_orchards.acorn_bone":23,"stat.drop.sky_orchards.acorn_sand":8,"stat.craftItem.minecraft.stone_shovel":1,"stat.mineBlock.sky_orchards.leaves_lapis":64,"stat.walkOneCm":691330,"stat.pickup.ceramics.clay_bucket":4,"stat.useItem.minecraft.torch":84,"stat.useItem.minecraft.chest":2,"stat.pickup.sky_orchards.sapling_iron":11,"stat.mineBlock.sky_orchards.sapling_dirt":10,"stat.pickup.sky_orchards.leaves_clay":28,"stat.pickup.inspirations.carrot_seeds":2,"stat.pickup.minecraft.stick":209,"stat.pickup.sky_orchards.sapling_bone":6,"stat.pickup.advancementbook.advancement_book":1,"stat.pickup.minecraft.clay_ball":4,"stat.useItem.minecraft.cobblestone":30,"stat.craftItem.inspirations.wooden_crook":17,"stat.pickup.sky_orchards.acorn_clay":137,"stat.craftItem.ceramics.clay_bucket":3,"stat.pickup.minecraft.log":656,"stat.craftItem.tp.wooden_shears":1,"stat.drop.sky_orchards.acorn_gravel":10,"stat.pickup.sky_orchards.resin_gravel":23,"stat.pickup.sky_orchards.acorn_gravel":52,"stat.drop.minecraft.planks":2,"stat.pickup.sky_orchards.acorn_sand":15,"stat.pickup.sky_orchards.amber_tin":2,"stat.pickup.slabmachines.crafting_station_slab":1,"stat.pickup.minecraft.sapling":20,"stat.pickup.sky_orchards.sapling_gravel":3,"stat.pickup.minecraft.apple":6,"stat.useItem.minecraft.cactus":1,"stat.craftItem.minecraft.planks":247,"stat.mineBlock.chineseworkshop.thin_wall_w":1,"stat.craftItem.minecraft.dirt":36,"stat.pickup.morecauldrons.oak_cauldron":2,"stat.craftItem.sky_orchards.acorn_petrified":56,"stat.pickup.sky_orchards.leaves_petrified":46,"stat.mineBlock.minecraft.log":1,"stat.mineBlock.sky_orchards.log_clay":37,"stat.pickup.rustic.sapling_apple":6,"stat.useItem.inspirations.bone_crook":177,"stat.pickup.sky_orchards.acorn_lapis":5,"stat.useItem.minecraft.cobblestone_wall":26,"stat.pickup.minecraft.beetroot_seeds":1,"stat.mineBlock.minecraft.leaves":33,"stat.mineBlock.rustic.crushing_tub":1,"stat.pickup.minecraft.torch":47,"stat.pickup.minecraft.red_flower":1,"stat.sneakTime":48906,"stat.drop.minecraft.bucket":1,"stat.pickup.chineseworkshop.thin_wall_w":1,"stat.mineBlock.tp.cobblegen_block":1,"stat.useItem.minecraft.wooden_axe":178,"stat.craftItem.minecraft.brick":57,"stat.pickup.minecraft.yellow_flower":5,"stat.craftItem.minecraft.cobblestone":5,"stat.useItem.sky_orchards.sapling_dirt":9,"stat.mineBlock.sky_orchards.log_petrified":39,"stat.useItem.fenceoverhaul.oak_overhauledfence":2,"stat.drop.minecraft.wooden_axe":3,"stat.pickup.minecraft.chest":5}