{"stat.pickup.minecraft.wooden_slab":180,"stat.craftItem.ceramics.unfired_clay":5,"stat.pickup.fenceoverhaul.oak_overhauledfence":3,"stat.leaveGame":3,"stat.mineBlock.minecraft.yellow_flower":4,"stat.pickup.sky_orchards.resin_dirt":130,"stat.swimOneCm":21251,"stat.pickup.rustic.crushing_tub":1,"stat.useItem.minecraft.planks":10,"stat.mineBlock.morecauldrons.oak_cauldron":2,"stat.mineBlock.sky_orchards.log_dirt":42,"stat.craftItem.inspirations.stone_crook":2,"stat.useItem.minecraft.dirt":130,"stat.useItem.minecraft.stone_slab2":58,"stat.craftItem.minecraft.furnace":2,"stat.pickup.sky_orchards.sapling_dirt":84,"stat.craftItem.minecraft.stone_axe":2,"stat.pickup.tp.cobblegen_block":1,"stat.craftItem.minecraft.stone_pickaxe":2,"stat.mineBlock.sky_orchards.leaves_dirt":556,"stat.pickup.minecraft.cobblestone":4,"stat.mineBlock.minecraft.wooden_slab":37,"stat.craftItem.minecraft.cobblestone_wall":42,"stat.mineBlock.minecraft.clay":1,"stat.useItem.minecraft.stone_shovel":20,"stat.flyOneCm":27390,"stat.craftItem.minecraft.wooden_slab":210,"stat.pickup.sky_orchards.resin_petrified":162,"stat.pickup.sky_orchards.sapling_petrified":79,"stat.timeSinceDeath":221906,"stat.useItem.rustic.cabinet":13,"stat.drop.minecraft.log":5,"stat.useItem.minecraft.sign":9,"stat.useItem.minecraft.wooden_slab":290,"stat.craftItem.minecraft.wooden_pickaxe":1,"stat.pickup.minecraft.wooden_axe":2,"stat.drop.ceramics.clay_bucket":2,"stat.furnaceInteraction":59,"stat.useItem.sky_orchards.sapling_clay":10,"stat.useItem.tconstruct.rack":1,"stat.craftItem.sky_orchards.acorn_dirt":2,"stat.pickup.minecraft.furnace":1,"stat.mineBlock.sky_orchards.leaves_clay":584,"stat.drop.sky_orchards.acorn_petrified":1,"stat.craftItem.minecraft.stone_slab2":0,"stat.drop.minecraft.obsidian":1,"stat.craftItem.tconstruct.stone_stick":8,"stat.useItem.sky_orchards.sapling_petrified":4,"stat.drop.sky_orchards.acorn_dirt":3,"stat.mineBlock.rustic.cabinet":15,"stat.pickup.sky_orchards.acorn_dirt":121,"stat.sprintOneCm":175986,"stat.craftItem.minecraft.stick":76,"stat.craftItem.minecraft.wooden_axe":10,"stat.pickup.ceramics.unfired_clay":1,"stat.drop.chineseworkshop.thin_wall_w":1,"stat.mineBlock.sky_orchards.leaves_petrified":450,"stat.craftItem.minecraft.sand":2,"stat.pickup.sky_orchards.leaves_gravel":15,"stat.mineBlock.minecraft.planks":12,"stat.drop":46,"stat.pickup.sky_orchards.leaves_dirt":25,"stat.playOneMinute":221906,"stat.pickup.tconstruct.rack":11,"stat.pickup.rustic.cabinet":14,"stat.useItem.sky_orchards.acorn_dirt":1,"stat.mineBlock.bonsaitrees.bonsaipot":6,"stat.drop.minecraft.chest":2,"stat.drop.minecraft.torch":5,"stat.craftItem.minecraft.clay":1,"stat.mineBlock.minecraft.tallgrass":73,"stat.diveOneCm":49082,"stat.chestOpened":110,"stat.pickup.tconstruct.tooltables":1,"stat.useItem.sky_orchards.acorn_petrified":26,"stat.craftItem.minecraft.sign":18,"stat.pickup.minecraft.sign":8,"stat.craftItem.tp.cobblegen_block":2,"stat.pickup.sky_orchards.acorn_petrified":184,"stat.useItem.bonsaitrees.bonsaipot":2,"stat.pickup.minecraft.obsidian":1,"stat.useItem.inspirations.wooden_crook":1584,"stat.pickup.sky_orchards.resin_sand":7,"stat.craftItem.minecraft.coal":26,"stat.pickup.sky_orchards.resin_clay":116,"stat.jump":318,"stat.craftItem.tconstruct.rack":5,"stat.fallOneCm":5069,"stat.pickup.sky_orchards.leaves_bone":11,"stat.useItem.minecraft.stone_axe":10,"stat.pickup.minecraft.melon_seeds":2,"stat.crouchOneCm":150796,"stat.mineBlock.minecraft.chest":3,"stat.craftItem.minecraft.torch":64,"stat.craftItem.minecraft.chest":5,"stat.pickup.minecraft.dirt":31,"stat.pickup.bonsaitrees.bonsaipot":6,"stat.drop.ceramics.unfired_clay":1,"stat.pickup.sky_orchards.resin_bone":25,"stat.pickup.sky_orchards.sapling_sand":2,"stat.mineBlock.tconstruct.rack":12,"stat.mineBlock.tconstruct.tooltables":1,"stat.damageTaken":120,"stat.drop.sky_orchards.leaves_clay":2,"stat.mineBlock.minecraft.torch":40,"stat.mineBlock.minecraft.furnace":1,"stat.useItem.minecraft.wooden_pickaxe":1,"stat.pickup.minecraft.dye":2,"stat.pickup.minecraft.planks":13,"stat.pickup.minecraft.wheat_seeds":1,"stat.mineBlock.sky_orchards.sapling_petrified":1,"stat.useItem.minecraft.stone_pickaxe":1,"stat.pickup.sky_orchards.sapling_clay":89,"stat.craftItem.minecraft.glass":1,"stat.damageDealt":3,"stat.mineBlock.minecraft.dirt":23,"stat.pickup.sky_orchards.acorn_bone":23,"stat.drop.sky_orchards.acorn_sand":8,"stat.craftItem.minecraft.stone_shovel":1,"stat.walkOneCm":485995,"stat.pickup.ceramics.clay_bucket":4,"stat.useItem.minecraft.torch":79,"stat.useItem.minecraft.chest":2,"stat.mineBlock.sky_orchards.sapling_dirt":10,"stat.pickup.sky_orchards.leaves_clay":28,"stat.pickup.inspirations.carrot_seeds":2,"stat.pickup.minecraft.stick":204,"stat.pickup.sky_orchards.sapling_bone":6,"stat.pickup.minecraft.clay_ball":4,"stat.useItem.minecraft.cobblestone":30,"stat.craftItem.inspirations.wooden_crook":17,"stat.pickup.sky_orchards.acorn_clay":137,"stat.craftItem.ceramics.clay_bucket":3,"stat.pickup.minecraft.log":620,"stat.drop.sky_orchards.acorn_gravel":10,"stat.pickup.sky_orchards.resin_gravel":23,"stat.pickup.sky_orchards.acorn_gravel":52,"stat.drop.minecraft.planks":2,"stat.pickup.sky_orchards.acorn_sand":15,"stat.pickup.slabmachines.crafting_station_slab":1,"stat.pickup.sky_orchards.sapling_gravel":3,"stat.craftItem.minecraft.planks":238,"stat.mineBlock.chineseworkshop.thin_wall_w":1,"stat.craftItem.minecraft.dirt":36,"stat.pickup.morecauldrons.oak_cauldron":2,"stat.craftItem.sky_orchards.acorn_petrified":56,"stat.pickup.sky_orchards.leaves_petrified":46,"stat.mineBlock.sky_orchards.log_clay":37,"stat.useItem.minecraft.cobblestone_wall":26,"stat.pickup.minecraft.beetroot_seeds":1,"stat.mineBlock.rustic.crushing_tub":1,"stat.pickup.minecraft.torch":43,"stat.pickup.minecraft.red_flower":1,"stat.sneakTime":44896,"stat.pickup.chineseworkshop.thin_wall_w":1,"stat.mineBlock.tp.cobblegen_block":1,"stat.useItem.minecraft.wooden_axe":178,"stat.craftItem.minecraft.brick":57,"stat.pickup.minecraft.yellow_flower":5,"stat.craftItem.minecraft.cobblestone":5,"stat.useItem.sky_orchards.sapling_dirt":9,"stat.mineBlock.sky_orchards.log_petrified":39,"stat.useItem.fenceoverhaul.oak_overhauledfence":2,"stat.drop.minecraft.wooden_axe":3,"stat.pickup.minecraft.chest":5}