{"stat.mineBlock.sky_orchards.log_coal":7,"stat.pickup.minecraft.wooden_slab":312,"stat.pickup.fenceoverhaul.oak_overhauledfence":21,"stat.leaveGame":8,"stat.pickup.tconstruct.edible":67,"stat.mineBlock.farmingforblockheads.market":4,"stat.pickup.rustic.crushing_tub":1,"stat.mineBlock.sky_orchards.log_dirt":42,"stat.drop.sky_orchards.sapling_redstone":1,"stat.pickup.sky_orchards.resin_cottonwood":128,"stat.pickup.sky_orchards.sapling_dirt":84,"stat.drop.sky_orchards.amber_silver":1,"stat.pickup.uppers.upper":2,"stat.craftItem.minecraft.stone_axe":7,"stat.pickup.minecraft.cobblestone_wall":74,"stat.pickup.minecraft.bucket":3,"stat.mineBlock.minecraft.wooden_slab":68,"stat.pickup.sky_orchards.resin_petrified":162,"stat.pickup.xlfoodmod.lettuce":25,"stat.craftItem.minecraft.wooden_pickaxe":1,"stat.craftItem.minecraft.bed":2,"stat.drop.sky_orchards.sapling_iron":1,"stat.pickup.tcomplement.porcelain_melter":1,"stat.pickup.resourcehogs.truffle":4,"stat.furnaceInteraction":88,"stat.useItem.minecraft.pumpkin_seeds":2,"stat.craftItem.pickletweaks.colored_cobblestone":32,"stat.craftItem.sky_orchards.acorn_dirt":2,"stat.pickup.sky_orchards.acorn_coal":228,"stat.pickup.minecraft.beef":30,"stat.drop.tcomplement.materials":1,"stat.drop.sky_orchards.acorn_dirt":3,"stat.pickup.sky_orchards.acorn_dirt":121,"stat.pickup.inspirations.potato_seeds":4,"stat.pickup.sky_orchards.sapling_coal":3,"stat.useItem.minecraft.fence":78,"stat.pickup.ceramics.unfired_clay":25,"stat.useItem.xlfoodmod.lettuce_seeds":6,"stat.mineBlock.minecraft.fence":20,"stat.useItem.minecraft.wheat_seeds":7,"stat.mineBlock.sky_orchards.log_tin":4,"stat.craftItem.morecauldrons.cobble_cauldron":1,"stat.useItem.minecraft.dye":41,"stat.pickup.minecraft.lever":1,"stat.pickup.horsepower.chopping_block":3,"stat.pickup.sky_orchards.leaves_dirt":25,"stat.pickup.xlfoodmod.raw_corn":134,"stat.pickup.sky_orchards.sapling_lapis":7,"stat.pickup.storagenetwork.remote":1,"stat.pickup.minecraft.glass_pane":128,"stat.pickup.minecraft.item_frame":5,"stat.drop.minecraft.torch":5,"stat.mineBlock.minecraft.tallgrass":95,"stat.fishCaught":10,"stat.useItem.sky_orchards.sapling_sand":3,"stat.chestOpened":210,"stat.useItem.sky_orchards.acorn_petrified":35,"stat.craftItem.minecraft.sign":18,"stat.drop.sky_orchards.amber_tin":1,"stat.pickup.sky_orchards.resin_redstone":181,"stat.mineBlock.sky_orchards.leaves_iron":56,"stat.craftItem.minecraft.coal":58,"stat.pickup.minecraft.carrot":137,"stat.craftItem.fenceoverhaul.oak_overhauledfence":21,"stat.crouchOneCm":245386,"stat.mineBlock.minecraft.chest":3,"stat.craftItem.minecraft.diamond":1,"stat.craftItem.minecraft.iron_ingot":36,"stat.pickup.bonsaitrees.bonsaipot":9,"stat.pickup.sky_orchards.resin_lapis":6,"stat.craftItem.minecraft.hopper":3,"stat.mineBlock.tconstruct.rack":12,"stat.pickup.sky_orchards.sapling_tin":8,"stat.pickup.sky_orchards.acorn_redstone":135,"stat.mineBlock.minecraft.log2":8,"stat.useItem.minecraft.reeds":1,"stat.pickup.minecraft.dye":73,"stat.pickup.minecraft.planks":16,"stat.pickup.sky_orchards.resin_iron":93,"stat.pickup.minecraft.wheat_seeds":177,"stat.pickup.xlfoodmod.cooked_dough":32,"stat.mineBlock.minecraft.dirt":63,"stat.pickup.sky_orchards.acorn_iron":128,"stat.pickup.minecraft.poisonous_potato":1,"stat.mineBlock.sky_orchards.leaves_lapis":64,"stat.pickup.compactstorage.compactchest":4,"stat.useItem.minecraft.bread":14,"stat.pickup.sky_orchards.sapling_iron":21,"stat.pickup.inspirations.carrot_seeds":2,"stat.useItem.minecraft.cobblestone":66,"stat.craftItem.tp.wooden_shears":1,"stat.pickup.sky_orchards.resin_gravel":87,"stat.pickup.minecraft.hopper":3,"stat.pickup.minecraft.apple":14,"stat.mineBlock.sky_orchards.sapling_silver":1,"stat.craftItem.minecraft.planks":496,"stat.craftItem.minecraft.dirt":86,"stat.pickup.morecauldrons.oak_cauldron":22,"stat.craftItem.minecraft.fishing_rod":1,"stat.pickup.sky_orchards.leaves_petrified":46,"stat.mineBlock.minecraft.log":3,"stat.pickup.rustic.sapling_apple":8,"stat.pickup.minecraft.red_flower":4,"stat.useItem.minecraft.wooden_axe":178,"stat.drop.resourcehogs.truffle":1,"stat.craftItem.minecraft.cobblestone":5,"stat.mineBlock.minecraft.cobblestone":32,"stat.drop.tconstruct.slime_sapling":1,"stat.pickup.minecraft.flint":31,"stat.mineBlock.minecraft.yellow_flower":5,"stat.craftItem.minecraft.wool":9,"stat.pickup.pickletweaks.coal_piece":23,"stat.mineBlock.morecauldrons.oak_cauldron":2,"stat.mineBlock.sky_orchards.leaves_redstone":43,"stat.pickup.inspirations.bone_crook":2,"stat.useItem.minecraft.stone_slab2":151,"stat.drop.tconstruct.wooden_hopper":1,"stat.craftItem.pickletweaks.stone_paxel":2,"stat.craftItem.minecraft.furnace":2,"stat.pickup.tp.cobblegen_block":1,"stat.drop.cookingforblockheads.cow_jar":1,"stat.useItem.xlfoodmod.corn_seeds":20,"stat.mineBlock.sky_orchards.leaves_dirt":556,"stat.mineBlock.minecraft.clay":1,"stat.flyOneCm":133830,"stat.mineBlock.sky_orchards.leaves_coal":59,"stat.pickup.minecraft.fish":17,"stat.craftItem.bdsandm.wood_barrel":1,"stat.timeSinceDeath":589499,"stat.useItem.rustic.cabinet":13,"stat.useItem.minecraft.wooden_slab":782,"stat.craftItem.minecraft.iron_block":1,"stat.useItem.minecraft.potato":22,"stat.mineBlock.cookingforblockheads.cow_jar":2,"stat.useItem.tconstruct.rack":1,"stat.pickup.pickletweaks.diamond_paxel":1,"stat.drop.sky_orchards.acorn_petrified":1,"stat.drop.minecraft.obsidian":1,"stat.craftItem.tconstruct.stone_stick":8,"stat.useItem.sky_orchards.sapling_petrified":4,"stat.pickup.sky_orchards.sapling_bacon":3,"stat.sprintOneCm":850804,"stat.mineBlock.minecraft.stone_slab":1,"stat.craftItem.minecraft.wooden_axe":10,"stat.pickup.bdsandm.wood_barrel":9,"stat.mineBlock.sky_orchards.leaves_petrified":450,"stat.pickup.sky_orchards.leaves_gravel":15,"stat.drop.farmingforblockheads.market":1,"stat.drop.tcomplement.porcelain_tank":1,"stat.craftItem.minecraft.wooden_pressure_plate":2,"stat.drop.bdsandm.wood_barrel":2,"stat.pickup.minecraft.vine":2,"stat.pickup.compactstorage.chestbuilder":1,"stat.mineBlock.bonsaitrees.bonsaipot":7,"stat.pickup.minecraft.iron_block":1,"stat.craftItem.minecraft.dye":4,"stat.useItem.animalcrops.seeds":5,"stat.diveOneCm":80970,"stat.pickup.minecraft.wheat":161,"stat.pickup.tconstruct.tooltables":6,"stat.pickup.minecraft.sign":9,"stat.useItem.bonsaitrees.bonsaipot":2,"stat.pickup.minecraft.obsidian":1,"stat.pickup.storagenetwork.kabel":6,"stat.pickup.sky_orchards.resin_clay":116,"stat.jump":843,"stat.pickup.minecraft.coal":1,"stat.pickup.minecraft.iron_ingot":70,"stat.useItem.pickletweaks.colored_cobblestone":12,"stat.craftItem.minecraft.torch":136,"stat.mineBlock.sky_orchards.log_sand":20,"stat.pickup.minecraft.dirt":86,"stat.drop.ceramics.unfired_clay":1,"stat.pickup.sky_orchards.resin_bone":25,"stat.damageTaken":450,"stat.mineBlock.minecraft.torch":84,"stat.mineBlock.minecraft.red_flower":2,"stat.pickup.minecraft.log2":21,"stat.pickup.minecraft.bed":1,"stat.mineBlock.minecraft.fence_gate":1,"stat.pickup.minecraft.potato":24,"stat.pickup.pickletweaks.colored_cobblestone":46,"stat.pickup.sky_orchards.sapling_clay":89,"stat.animalsBred":3,"stat.useItem.minecraft.chest":3,"stat.drop.minecraft.wheat":2,"stat.pickup.sky_orchards.sapling_bone":6,"stat.craftItem.morecauldrons.oak_cauldron":1,"stat.pickup.sky_orchards.sapling_donut":1,"stat.craftItem.cookingforblockheads.milk_jar":1,"stat.pickup.cookingforblockheads.cow_jar":2,"stat.pickup.slabmachines.crafting_station_slab":1,"stat.pickup.minecraft.cooked_beef":1,"stat.useItem.minecraft.cobblestone_wall":45,"stat.pickup.minecraft.diamond":23,"stat.pickup.minecraft.beetroot_seeds":12,"stat.mineBlock.rustic.crushing_tub":1,"stat.pickup.minecraft.torch":186,"stat.mineBlock.tp.cobblegen_block":1,"stat.mineBlock.sky_orchards.log_petrified":39,"stat.useItem.fenceoverhaul.oak_overhauledfence":58,"stat.pickup.inspirations.cactus_seeds":6,"stat.pickup.tconstruct.wooden_hopper":1,"stat.useItem.minecraft.poisonous_potato":1,"stat.pickup.minecraft.fishing_rod":1,"stat.mineBlock.compactstorage.chestbuilder":1,"stat.useItem.minecraft.planks":13,"stat.mineBlock.sky_orchards.leaves_tin":56,"stat.useItem.morebuckets.obsidian_bucket":124,"stat.pickup.minecraft.glass":8,"stat.pickup.morebuckets.obsidian_bucket":1,"stat.craftItem.minecraft.cobblestone_wall":42,"stat.drop.xlfoodmod.corn_seeds":15,"stat.craftItem.cyclicmagic.sprinkler":4,"stat.craftItem.minecraft.wooden_hoe":1,"stat.hopperInspected":18,"stat.useItem.minecraft.fence_gate":9,"stat.pickup.resourcehogs.mud_bucket":1,"stat.pickup.tconstruct.slime_sapling":1,"stat.drop.compactstorage.compactchest":2,"stat.drop.ceramics.clay_bucket":2,"stat.pickup.xlfoodmod.lettuce_seeds":42,"stat.pickup.minecraft.fence_gate":1,"stat.craftItem.xlfoodmod.dough":16,"stat.pickup.minecraft.furnace":1,"stat.drop.chineseworkshop.thin_wall_w":1,"stat.craftItem.minecraft.sand":10,"stat.craftItem.minecraft.fence_gate":11,"stat.pickup.tconstruct.slime_dirt":1,"stat.pickup.minecraft.pumpkin_seeds":3,"stat.craftItem.chisel.chisel_diamond":1,"stat.playOneMinute":589499,"stat.pickup.tconstruct.rack":11,"stat.drop.xlfoodmod.lettuce_seeds":4,"stat.useItem.sky_orchards.acorn_dirt":1,"stat.pickup.animalcrops.seeds":1,"stat.drop.minecraft.chest":2,"stat.drop.sky_orchards.sapling_gold":1,"stat.pickup.minecraft.netherrack":24,"stat.craftItem.morebuckets.obsidian_bucket":1,"stat.craftItem.tp.cobblegen_block":2,"stat.pickup.sky_orchards.acorn_petrified":184,"stat.craftItem.snad.snad":1,"stat.useItem.inspirations.wooden_crook":1584,"stat.pickup.sky_orchards.resin_sand":356,"stat.pickup.rustic.leaves_apple":3,"stat.fallOneCm":58081,"stat.pickup.sky_orchards.leaves_bone":11,"stat.craftItem.tconstruct.wooden_hopper":1,"stat.pickup.minecraft.melon_seeds":9,"stat.craftItem.minecraft.chest":10,"stat.drop.minecraft.milk_bucket":1,"stat.mineBlock.sky_orchards.leaves_sand":133,"stat.pickup.sky_orchards.sapling_sand":17,"stat.pickup.sky_orchards.resin_tin":6,"stat.mineBlock.fenceoverhaul.oak_overhauledfence":18,"stat.pickup.sky_orchards.leaves_redstone":18,"stat.pickup.sky_orchards.sapling_gold":2,"stat.mineBlock.sky_orchards.sapling_petrified":1,"stat.useItem.minecraft.stone_pickaxe":2,"stat.drop.minecraft.fence_gate":1,"stat.useItem.pickletweaks.diamond_paxel":158,"stat.drop.advancementbook.advancement_book":1,"stat.drop.sky_orchards.acorn_sand":8,"stat.useItem.minecraft.torch":156,"stat.mineBlock.sky_orchards.sapling_dirt":10,"stat.pickup.sky_orchards.leaves_clay":28,"stat.pickup.advancementbook.advancement_book":1,"stat.useItem.minecraft.log":2,"stat.pickup.sky_orchards.acorn_gold":128,"stat.craftItem.ceramics.clay_bucket":3,"stat.pickup.minecraft.log":800,"stat.drop.sky_orchards.acorn_gravel":10,"stat.drop.minecraft.planks":2,"stat.pickup.sky_orchards.acorn_sand":472,"stat.pickup.sky_orchards.amber_tin":2,"stat.pickup.minecraft.sapling":24,"stat.pickup.minecraft.beetroot":7,"stat.mineBlock.chineseworkshop.thin_wall_w":1,"stat.craftItem.sky_orchards.acorn_petrified":56,"stat.drop.xlfoodmod.lettuce":1,"stat.mineBlock.sky_orchards.log_clay":37,"stat.useItem.inspirations.bone_crook":309,"stat.pickup.sky_orchards.acorn_lapis":261,"stat.sneakTime":79330,"stat.pickup.sky_orchards.sapling_diamond":1,"stat.mineBlock.minecraft.cobblestone_wall":5,"stat.drop.minecraft.bucket":1,"stat.pickup.minecraft.stone_slab":194,"stat.pickup.minecraft.yellow_flower":10,"stat.pickup.cyclicmagic.block_fragile_weak":94,"stat.useItem.sky_orchards.sapling_dirt":9,"stat.drop.minecraft.wooden_axe":3,"stat.useItem.minecraft.fishing_rod":20,"stat.pickup.minecraft.chest":5,"stat.pickup.minecraft.bone":37,"stat.craftItem.ceramics.unfired_clay":5,"stat.pickup.sky_orchards.resin_dirt":130,"stat.pickup.sky_orchards.amber_gold":1,"stat.craftItem.sky_orchards.amber_iron":41,"stat.craftItem.inspirations.bone_crook":1,"stat.swimOneCm":32420,"stat.craftItem.inspirations.stone_crook":2,"stat.useItem.minecraft.dirt":347,"stat.drop.sky_orchards.acorn_lapis":1,"stat.pickup.tp.watering_can":1,"stat.useItem.storagenetwork.remote":2,"stat.craftItem.minecraft.bone_block":12,"stat.pickup.minecraft.anvil":1,"stat.craftItem.minecraft.stone_pickaxe":4,"stat.pickup.minecraft.cobblestone":77,"stat.useItem.minecraft.stone_shovel":21,"stat.pickup.minecraft.clay":8,"stat.pickup.minecraft.glass_bottle":3,"stat.pickup.sky_orchards.sapling_lead":1,"stat.pickup.sky_orchards.resin_coal":146,"stat.craftItem.minecraft.wooden_slab":426,"stat.pickup.minecraft.cactus":106,"stat.pickup.sky_orchards.sapling_petrified":79,"stat.pickup.minecraft.redstone":186,"stat.drop.minecraft.log":5,"stat.useItem.minecraft.sign":11,"stat.pickup.minecraft.wooden_axe":2,"stat.useItem.sky_orchards.sapling_clay":10,"stat.pickup.minecraft.trapdoor":2,"stat.pickup.minecraft.carpet":3,"stat.drop.cyclicmagic.sprinkler":1,"stat.pickup.xlfoodmod.corn_seeds":152,"stat.mineBlock.sky_orchards.leaves_clay":584,"stat.craftItem.minecraft.stone_slab2":0,"stat.mineBlock.rustic.cabinet":15,"stat.craftItem.minecraft.stick":116,"stat.useItem.minecraft.stone_slab":4,"stat.pickup.minecraft.grass":80,"stat.useItem.minecraft.carrot":43,"stat.craftItem.animalcrops.seeds":7,"stat.drop.xlfoodmod.raw_corn":2,"stat.pickup.sky_orchards.amber_silver":1,"stat.mineBlock.minecraft.planks":14,"stat.drop":99,"stat.mineBlock.rustic.leaves_apple":27,"stat.pickup.rustic.cabinet":14,"stat.drop.tcomplement.porcelain_melter":1,"stat.useItem.minecraft.melon_seeds":2,"stat.craftItem.minecraft.clay":1,"stat.useItem.inspirations.stone_crook":222,"stat.pickup.sky_orchards.acorn_cottonwood":320,"stat.pickup.sky_orchards.amber_lead":3,"stat.useItem.minecraft.apple":5,"stat.pickup.sky_orchards.leaves_iron":28,"stat.pickup.sky_orchards.acorn_tin":6,"stat.craftItem.tconstruct.rack":5,"stat.pickup.minecraft.fence":20,"stat.pickup.sky_orchards.sapling_redstone":24,"stat.craftItem.bonsaitrees.bonsaipot":1,"stat.useItem.minecraft.stone_axe":54,"stat.craftItem.minecraft.bread":9,"stat.pickup.farmingforblockheads.market":4,"stat.pickup.tcomplement.porcelain_tank":1,"stat.pickup.sky_orchards.leaves_cottonwood":128,"stat.pickup.inspirations.sugar_cane_seeds":45,"stat.mineBlock.tconstruct.tooltables":1,"stat.pickup.minecraft.leaves":23,"stat.mineBlock.minecraft.leaves2":71,"stat.mineBlock.sky_orchards.log_lapis":4,"stat.craftItem.minecraft.iron_bars":16,"stat.pickup.minecraft.leather":1,"stat.drop.sky_orchards.leaves_clay":2,"stat.mineBlock.minecraft.furnace":1,"stat.useItem.minecraft.wooden_pickaxe":1,"stat.drop.minecraft.water_bucket":1,"stat.pickup.minecraft.reeds":317,"stat.drop.tp.watering_can":1,"stat.mineBlock.sky_orchards.log_redstone":5,"stat.pickup.storagenetwork.storage_kabel":2,"stat.useItem.xlfoodmod.lettuce":9,"stat.craftItem.minecraft.glass":8,"stat.damageDealt":13,"stat.craftItem.resourcehogs.mud_bucket":2,"stat.pickup.snad.snad":1,"stat.craftItem.minecraft.anvil":1,"stat.pickup.sky_orchards.acorn_bone":23,"stat.craftItem.minecraft.stone_shovel":3,"stat.walkOneCm":1405643,"stat.pickup.ceramics.clay_bucket":6,"stat.drop.resourcehogs.mud_bucket":1,"stat.pickup.minecraft.stick":341,"stat.pickup.minecraft.clay_ball":4,"stat.craftItem.inspirations.wooden_crook":17,"stat.pickup.sky_orchards.acorn_clay":137,"stat.drop.minecraft.iron_block":2,"stat.pickup.sky_orchards.acorn_gravel":372,"stat.pickup.sky_orchards.sapling_gravel":3,"stat.useItem.minecraft.cactus":1,"stat.drop.sky_orchards.sapling_diamond":1,"stat.pickup.minecraft.gold_ingot":22,"stat.pickup.sky_orchards.sapling_silver":1,"stat.craftItem.tp.watering_can":2,"stat.mineBlock.minecraft.cactus":1,"stat.craftItem.minecraft.fence":30,"stat.craftItem.farmingforblockheads.market":1,"stat.mineBlock.minecraft.leaves":33,"stat.pickup.chineseworkshop.thin_wall_w":37,"stat.craftItem.tcomplement.materials":1,"stat.craftItem.minecraft.brick":57,"stat.pickup.xlfoodmod.donut":1}